$date
	Wed Aug 26 16:32:32 2026
$end
$version
	Icarus Verilog
$end
$timescale
	1ps
$end
$scope module tb $end
$var wire 1 ! ena $end
$var wire 8 " uio_oe [7:0] $end
$var wire 8 # uo_out [7:0] $end
$var wire 8 $ uio_out [7:0] $end
$var reg 1 % clk $end
$var reg 1 & rst_n $end
$var reg 8 ' ui_in [7:0] $end
$var reg 8 ( uio_in [7:0] $end
$var integer 32 ) errors [31:0] $end
$var integer 32 * i [31:0] $end
$var integer 32 + tests [31:0] $end
$scope function ref_alu $end
$var reg 8 , a [7:0] $end
$var reg 8 - b [7:0] $end
$var reg 4 . op [3:0] $end
$upscope $end
$scope module dut $end
$var wire 1 % clk $end
$var wire 1 ! ena $end
$var wire 1 & rst_n $end
$var wire 8 / ui_in [7:0] $end
$var wire 8 0 uio_in [7:0] $end
$var wire 8 1 uio_oe [7:0] $end
$var wire 8 2 uio_out [7:0] $end
$var wire 1 3 unused $end
$var wire 8 4 uo_out [7:0] $end
$var wire 2 5 status_select [1:0] $end
$var wire 1 6 serial_shift $end
$var wire 4 7 serial_opcode [3:0] $end
$var wire 1 8 serial_data $end
$var wire 8 9 serial_b [7:0] $end
$var wire 8 : serial_a [7:0] $end
$var wire 64 ; scan_state [63:0] $end
$var wire 1 < scan_shift $end
$var wire 1 = scan_capture $end
$var wire 2 > fault_type [1:0] $end
$var wire 1 ? fault_enable $end
$var wire 3 @ fault_bit [2:0] $end
$var wire 1 A execute $end
$var wire 1 B bist_start $end
$var wire 1 C bist_mismatch $end
$var parameter 3 D BIST_DONE $end
$var parameter 3 E BIST_EXEC $end
$var parameter 3 F BIST_IDLE $end
$var parameter 3 G BIST_LOAD $end
$var reg 1 H alu_carry $end
$var reg 1 I alu_overflow $end
$var reg 8 J alu_result [7:0] $end
$var reg 9 K alu_sum [8:0] $end
$var reg 8 L alu_value [7:0] $end
$var reg 8 M bist_a [7:0] $end
$var reg 8 N bist_b [7:0] $end
$var reg 1 O bist_done $end
$var reg 8 P bist_expected [7:0] $end
$var reg 1 Q bist_fault $end
$var reg 8 R bist_observed [7:0] $end
$var reg 4 S bist_op [3:0] $end
$var reg 8 T bist_pattern_count [7:0] $end
$var reg 3 U bist_state [2:0] $end
$var reg 1 V carry_flag $end
$var reg 8 W cycle_counter [7:0] $end
$var reg 1 X exec_carry $end
$var reg 8 Y exec_faulted_value [7:0] $end
$var reg 1 Z exec_overflow $end
$var reg 9 [ exec_sum [8:0] $end
$var reg 8 \ exec_value [7:0] $end
$var reg 8 ] fault_counter [7:0] $end
$var reg 8 ^ faulted_result [7:0] $end
$var reg 8 _ lfsr [7:0] $end
$var reg 8 ` misr [7:0] $end
$var reg 8 a misr_next [7:0] $end
$var reg 1 b negative_flag $end
$var reg 8 c operand_a [7:0] $end
$var reg 8 d operand_b [7:0] $end
$var reg 4 e operation [3:0] $end
$var reg 1 f overflow_flag $end
$var reg 1 g scan_out $end
$var reg 64 h scan_reg [63:0] $end
$var reg 20 i serial_reg [19:0] $end
$var reg 8 j status_output [7:0] $end
$var reg 1 k test_pass $end
$var reg 1 l zero_flag $end
$upscope $end
$scope task check $end
$var reg 8 m exp [7:0] $end
$var reg 8 n got [7:0] $end
$upscope $end
$scope task exec_op $end
$upscope $end
$scope task load_instr $end
$var reg 8 o a [7:0] $end
$var reg 8 p b [7:0] $end
$var reg 20 q instr [19:0] $end
$var reg 4 r op [3:0] $end
$var integer 32 s k [31:0] $end
$upscope $end
$upscope $end
$enddefinitions $end
$comment Show the parameter values. $end
$dumpall
b1 G
b0 F
b10 E
b11 D
$end
#0
$dumpvars
bx s
bx r
bx q
bx p
bx o
bx n
bx m
xl
xk
bx j
bx i
bx h
xg
xf
bx e
bx d
bx c
xb
bx a
bx `
bx _
bx ^
bx ]
bx \
bx [
xZ
bx Y
xX
bx W
xV
bx U
bx T
bx S
bx R
xQ
bx P
xO
bx N
bx M
bx L
bx K
bx J
xI
xH
xC
0B
0A
b0 @
0?
b0 >
0=
0<
b0xxxxxxxxxxxxxxxxxxxxxxxxxxxxxxxxxxxxxxxxxxxxxxxxxxxxxxxxxx ;
bx :
bx 9
08
bx 7
06
b0 5
bx 4
x3
bx 2
b11111111 1
b0 0
b0 /
bx .
bx -
bx ,
b0 +
bx *
b0 )
b0 (
b0 '
0&
0%
bx $
bx #
b11111111 "
1!
$end
#10000
b0 a
b0 Y
0C
b0 R
13
b0 ^
b100000000000000000000000000000000000000000 ;
0Z
0X
b0 [
b0 \
b0 P
b100000 $
b100000 2
b100000 j
0I
0H
b0 K
b0 L
b0 7
b0 9
b0 :
b0 W
b0 U
b0 ]
1k
0O
0Q
b0 S
b0 N
b0 M
b0 T
b0 `
b1 _
0g
b0 h
0f
0b
0V
0l
b0 #
b0 4
b0 J
b0 e
b0 d
b0 c
b0 i
1%
#20000
0%
#30000
1%
#40000
0%
#50000
1%
#60000
0%
#70000
1%
#80000
0%
#90000
b100000000100000000000000000000000000000000000000000 ;
b100000 $
b100000 2
b100000 j
b1 W
1&
1%
#100000
0%
#110000
b1000000000100000000000000000000000000000000000000000 ;
b100000 $
b100000 2
b100000 j
b10 W
1%
#120000
0%
#130000
b1100000000100000000000000000000000000000000000000000 ;
b100000 $
b100000 2
b100000 j
b11 W
1%
#140000
0%
#150000
b10000000000100000000000000000000000000000000000000000 ;
b100000 $
b100000 2
b100000 j
b100 W
18
16
b11 '
b11 /
b0 s
b11110010100101 q
b111100 p
b10100101 o
b0 r
b0 *
1%
#160000
0%
#170000
b10100000000100000000000000000000000000000000000000000 ;
b100000 $
b100000 2
b100000 j
b1000 7
b101 W
b10000000000000000000 i
08
b10 '
b10 /
b1 s
1%
#180000
0%
#190000
b11000000000100000000000000000000000000000000000000000 ;
b100 7
b100000 $
b100000 2
b100000 j
b1000000000000000000 i
b110 W
18
b11 '
b11 /
b10 s
1%
#200000
0%
#210000
b11100000000100000000000000000000000000000000000000000 ;
b100000 $
b100000 2
b100000 j
b1010 7
b111 W
b10100000000000000000 i
08
b10 '
b10 /
b11 s
1%
#220000
0%
#230000
b11111111 Y
b11111111 \
b100000000000100000000000000000000000000000000000000000 ;
b101 7
b100000 $
b100000 2
b100000 j
b1010000000000000000 i
b1000 W
b100 s
1%
#240000
0%
#250000
b0 Y
b100100000000100000000000000000000000000000000000000000 ;
b0 \
b100000 $
b100000 2
b100000 j
b10 7
b10000000 9
b1001 W
b101000000000000000 i
18
b11 '
b11 /
b101 s
1%
#260000
0%
#270000
b101000000000100000000000000000000000000000000000000000 ;
b1001 7
b1000000 9
b100000 $
b100000 2
b100000 j
b10010100000000000000 i
b1010 W
08
b10 '
b10 /
b110 s
1%
#280000
0%
#290000
b10100000 Y
b101100000000100000000000000000000000000000000000000000 ;
b10100000 \
b100000 $
b100000 2
b100000 j
b100 7
b10100000 9
b1011 W
b1001010000000000000 i
18
b11 '
b11 /
b111 s
1%
#300000
0%
#310000
b0 Y
b0 \
b110000000000100000000000000000000000000000000000000000 ;
b1010 7
b1010000 9
b100000 $
b100000 2
b100000 j
b10100101000000000000 i
b1100 W
08
b10 '
b10 /
b1000 s
1%
#320000
0%
#330000
b11111111 Y
b110100000000100000000000000000000000000000000000000000 ;
b11111111 \
b100000 $
b100000 2
b100000 j
b101 7
b101000 9
b1101 W
b1010010100000000000 i
b1001 s
1%
#340000
0%
#350000
b0 Y
b0 \
b111000000000100000000000000000000000000000000000000000 ;
b10 7
b10010100 9
b100000 $
b100000 2
b100000 j
b101001010000000000 i
b1110 W
18
b11 '
b11 /
b1010 s
1%
#360000
0%
#370000
b111100000000100000000000000000000000000000000000000000 ;
b100000 $
b100000 2
b100000 j
b1001 7
b1001010 9
b1111 W
b10010100101000000000 i
b1011 s
1%
#380000
0%
#390000
b1000000000000100000000000000000000000000000000000000000 ;
b1100 7
b10100101 9
b100000 $
b100000 2
b100000 j
b11001010010100000000 i
b10000 W
b1100 s
1%
#400000
0%
#410000
b11010010 Y
b1000100000000100000000000000000000000000000000000000000 ;
b11010010 \
b11010010 [
b100000 $
b100000 2
b100000 j
b1110 7
b1010010 9
b10000000 :
b10001 W
b11100101001010000000 i
b1101 s
1%
#420000
0%
#430000
b10111 Y
b0 [
b10111 \
b1001000000000100000000000000000000000000000000000000000 ;
b1111 7
b101001 9
b1000000 :
b100000 $
b100000 2
b100000 j
b11110010100101000000 i
b10010 W
08
b10 '
b10 /
b1110 s
1%
#440000
0%
#450000
b1010000 Y
b1001100000000100000000000000000000000000000000000000000 ;
b1010000 \
b100000 $
b100000 2
b100000 j
b111 7
b10010100 9
b10100000 :
b10011 W
b1111001010010100000 i
b1111 s
1%
#460000
0%
#470000
b11011010 Y
b11011010 \
b1010000000000100000000000000000000000000000000000000000 ;
b11 7
b11001010 9
b1010000 :
b100000 $
b100000 2
b100000 j
b111100101001010000 i
b10100 W
b10000 s
1%
#480000
0%
#490000
b1000011 Y
b1010100000000100000000000000000000000000000000000000000 ;
b1000011 \
b100000 $
b100000 2
b100000 j
b1 7
b11100101 9
b101000 :
b10101 W
b11110010100101000 i
b10001 s
1%
#500000
0%
#510000
b10000110 Y
1X
b110000110 [
b10000110 \
b1011000000000100000000000000000000000000000000000000000 ;
b0 7
b11110010 9
b10010100 :
b100000 $
b100000 2
b100000 j
b1111001010010100 i
b10110 W
b10010 s
1%
#520000
0%
#530000
b11000011 Y
b1011100000000100000000000000000000000000000000000000000 ;
1Z
0X
b11000011 [
b11000011 \
b100000 $
b100000 2
b100000 j
b1111001 9
b1001010 :
b10111 W
b111100101001010 i
b10011 s
1%
#540000
0%
#550000
b11100001 Y
0Z
b11100001 [
b11100001 \
b1100000000000100000000000000000000000000000000000000000 ;
b111100 9
b10100101 :
b100000 $
b100000 2
b100000 j
b11110010100101 i
b11000 W
06
b0 '
b0 /
b10100 s
1%
#560000
0%
#570000
b1100100000000100000000000000000000000000000000000000000 ;
b100000 $
b100000 2
b100000 j
b11001 W
1A
b100 '
b100 /
1%
#580000
0%
#590000
b11100001 ^
b1101000000000100000000001001110000100000011110010100101 ;
b11100001 L
b11100001 K
b100100 $
b100100 2
b100100 j
1b
b11100001 #
b11100001 4
b11100001 J
b111100 d
b10100101 c
b11010 W
0A
b0 '
b0 /
1%
#591000
16
b10 '
b10 /
b0 s
b10011110110100100 q
b111101 p
b10100100 o
b1 r
b1 *
b1 +
b11100001 m
b0 .
b10100101 ,
b111100 -
b11100001 n
#600000
0%
#610000
b1110000 Y
b1101100000000100000000001001110000100000011110010100101 ;
b1110000 [
b1110000 \
b100100 $
b100100 2
b100100 j
b11110 9
b1010010 :
b11011 W
b1111001010010 i
b1 s
1%
#620000
0%
#630000
b111000 Y
b111000 [
b111000 \
b1110000000000100000000001001110000100000011110010100101 ;
b1111 9
b101001 :
b100100 $
b100100 2
b100100 j
b111100101001 i
b11100 W
18
b11 '
b11 /
b10 s
1%
#640000
0%
#650000
b11001010 Y
b1110100000000100000000001001110000100000011110010100101 ;
b0 [
b11001010 \
b100100 $
b100100 2
b100100 j
b1000 7
b111 9
b10010100 :
b11101 W
b10000000011110010100 i
08
b10 '
b10 /
b11 s
1%
#660000
0%
#670000
b11001001 Y
b11001001 \
b1111000000000100000000001001110000100000011110010100101 ;
b100 7
b11 9
b11001010 :
b100100 $
b100100 2
b100100 j
b1000000001111001010 i
b11110 W
b100 s
1%
#680000
0%
#690000
b1 Y
b1111100000000100000000001001110000100000011110010100101 ;
b1 \
b100100 $
b100100 2
b100100 j
b10 7
b1 9
b11100101 :
b11111 W
b100000000111100101 i
18
b11 '
b11 /
b101 s
1%
#700000
0%
#710000
b11100101 Y
b11100101 \
b10000000000000100000000001001110000100000011110010100101 ;
b1001 7
b0 9
b11110010 :
b100100 $
b100100 2
b100100 j
b10010000000011110010 i
b100000 W
08
b10 '
b10 /
b110 s
1%
#720000
0%
#730000
b11111001 Y
b10000100000000100000000001001110000100000011110010100101 ;
b11111001 \
b100100 $
b100100 2
b100100 j
b100 7
b10000000 9
b1111001 :
b100001 W
b1001000000001111001 i
18
b11 '
b11 /
b111 s
1%
#740000
0%
#750000
b11110 Y
b11110 \
b10001000000000100000000001001110000100000011110010100101 ;
b1010 7
b1000000 9
b111100 :
b100100 $
b100100 2
b100100 j
b10100100000000111100 i
b100010 W
b1000 s
1%
#760000
0%
#770000
b100000 Y
b10001100000000100000000001001110000100000011110010100101 ;
b100000 \
b100100 $
b100100 2
b100100 j
b1101 7
b100000 9
b11110 :
b100011 W
b11010010000000011110 i
08
b10 '
b10 /
b1001 s
1%
#780000
0%
#790000
b11110 Y
b11110 \
b10010000000000100000000001001110000100000011110010100101 ;
b110 7
b10010000 9
b1111 :
b100100 $
b100100 2
b100100 j
b1101001000000001111 i
b100100 W
18
b11 '
b11 /
b1010 s
1%
#800000
0%
#810000
b1 Y
b10010100000000100000000001001110000100000011110010100101 ;
b1 \
b100100 $
b100100 2
b100100 j
b1011 7
b1001000 9
b111 :
b100101 W
b10110100100000000111 i
b1011 s
1%
#820000
0%
#830000
b10100100 Y
b10100100 \
b10011000000000100000000001001110000100000011110010100101 ;
b1101 7
b10100100 9
b11 :
b100100 $
b100100 2
b100100 j
b11011010010000000011 i
b100110 W
b1100 s
1%
#840000
0%
#850000
b11010011 Y
b10011100000000100000000001001110000100000011110010100101 ;
b11010011 [
b11010011 \
b100100 $
b100100 2
b100100 j
b1110 7
b11010010 9
b1 :
b100111 W
b11101101001000000001 i
b1101 s
1%
#860000
0%
#870000
b10010111 Y
b0 [
b10010111 \
b10100000000000100000000001001110000100000011110010100101 ;
b1111 7
b1101001 9
b0 :
b100100 $
b100100 2
b100100 j
b11110110100100000000 i
b101000 W
08
b10 '
b10 /
b1110 s
1%
#880000
0%
#890000
b1000000 Y
b10100100000000100000000001001110000100000011110010100101 ;
b1000000 \
b100100 $
b100100 2
b100100 j
b111 7
b10110100 9
b10000000 :
b101001 W
b1111011010010000000 i
b1111 s
1%
#900000
0%
#910000
b11011010 Y
b11011010 \
b10101000000000100000000001001110000100000011110010100101 ;
b11 7
b11011010 9
b1000000 :
b100100 $
b100100 2
b100100 j
b111101101001000000 i
b101010 W
18
b11 '
b11 /
b10000 s
1%
#920000
0%
#930000
b1000000 Y
b10101100000000100000000001001110000100000011110010100101 ;
b1000000 \
b100100 $
b100100 2
b100100 j
b1001 7
b11101101 9
b100000 :
b101011 W
b10011110110100100000 i
08
b10 '
b10 /
b10001 s
1%
#940000
0%
#950000
b1100110 Y
b1100110 \
b10110000000000100000000001001110000100000011110010100101 ;
b100 7
b11110110 9
b10010000 :
b100100 $
b100100 2
b100100 j
b1001111011010010000 i
b101100 W
b10010 s
1%
#960000
0%
#970000
b1001000 Y
b10110100000000100000000001001110000100000011110010100101 ;
b1001000 \
b100100 $
b100100 2
b100100 j
b10 7
b1111011 9
b1001000 :
b101101 W
b100111101101001000 i
b10011 s
1%
#980000
0%
#990000
b1100111 Y
1Z
1X
b1100111 \
b10111000000000100000000001001110000100000011110010100101 ;
b1 7
b111101 9
b10100100 :
b100100 $
b100100 2
b100100 j
b10011110110100100 i
b101110 W
06
b0 '
b0 /
b10100 s
1%
#1000000
0%
#1010000
b10111100000000100000000001001110000100000011110010100101 ;
b100100 $
b100100 2
b100100 j
b101111 W
1A
b100 '
b100 /
1%
#1020000
0%
#1030000
b1100111 ^
b11000000000000100000000010100110011100010011110110100100 ;
1I
1H
b0 K
b1100111 L
b101010 $
b101010 2
b101010 j
1f
1V
0b
b1100111 #
b1100111 4
b1100111 J
b1 e
b111101 d
b10100100 c
b110000 W
0A
b0 '
b0 /
1%
#1031000
18
16
b11 '
b11 /
b0 s
b100011111010100111 q
b111110 p
b10100111 o
b10 r
b10 *
b10 +
b1100111 m
b1 .
b10100100 ,
b111101 -
b1100111 n
#1040000
0%
#1050000
b11101001 Y
b11000100000000100000000010100110011100010011110110100100 ;
0Z
0X
b11101001 \
b101010 $
b101010 2
b101010 j
b1000 7
b10011110 9
b11010010 :
b110001 W
b10001001111011010010 i
b1 s
1%
#1060000
0%
#1070000
b1001111 Y
b1001111 \
b11001000000000100000000010100110011100010011110110100100 ;
b1100 7
b1001111 9
b1101001 :
b101010 $
b101010 2
b101010 j
b11000100111101101001 i
b110010 W
b10 s
1%
#1080000
0%
#1090000
b11011011 Y
b11001100000000100000000010100110011100010011110110100100 ;
b11011011 [
b11011011 \
b101010 $
b101010 2
b101010 j
b1110 7
b100111 9
b10110100 :
b110011 W
b11100010011110110100 i
08
b10 '
b10 /
b11 s
1%
#1100000
0%
#1110000
b1101101 Y
b0 [
b1101101 \
b11010000000000100000000010100110011100010011110110100100 ;
b111 7
b10011 9
b11011010 :
b101010 $
b101010 2
b101010 j
b1110001001111011010 i
b110100 W
b100 s
1%
#1120000
0%
#1130000
b11101101 Y
b11010100000000100000000010100110011100010011110110100100 ;
b11101101 \
b101010 $
b101010 2
b101010 j
b11 7
b10001001 9
b11101101 :
b110101 W
b111000100111101101 i
18
b11 '
b11 /
b101 s
1%
#1140000
0%
#1150000
b11101101 \
b11011000000000100000000010100110011100010011110110100100 ;
b1001 7
b11000100 9
b11110110 :
b101010 $
b101010 2
b101010 j
b10011100010011110110 i
b110110 W
08
b10 '
b10 /
b110 s
1%
#1160000
0%
#1170000
b10011001 Y
b11011100000000100000000010100110011100010011110110100100 ;
b10011001 \
b101010 $
b101010 2
b101010 j
b100 7
b11100010 9
b1111011 :
b110111 W
b1001110001001111011 i
18
b11 '
b11 /
b111 s
1%
#1180000
0%
#1190000
b10011110 Y
b10011110 \
b11100000000000100000000010100110011100010011110110100100 ;
b1010 7
b1110001 9
b111101 :
b101010 $
b101010 2
b101010 j
b10100111000100111101 i
b111000 W
08
b10 '
b10 /
b1000 s
1%
#1200000
0%
#1210000
b1100001 Y
b11100100000000100000000010100110011100010011110110100100 ;
b1100001 \
b101010 $
b101010 2
b101010 j
b101 7
b111000 9
b10011110 :
b111001 W
b1010011100010011110 i
18
b11 '
b11 /
b1001 s
1%
#1220000
0%
#1230000
b10100111 Y
b10100111 \
b11101000000000100000000010100110011100010011110110100100 ;
b1010 7
b10011100 9
b1001111 :
b101010 $
b101010 2
b101010 j
b10101001110001001111 i
b111010 W
b1010 s
1%
#1240000
0%
#1250000
b1001110 Y
b11101100000000100000000010100110011100010011110110100100 ;
b1001110 \
b101010 $
b101010 2
b101010 j
b1101 7
b1001110 9
b100111 :
b111011 W
b11010100111000100111 i
b1011 s
1%
#1260000
0%
#1270000
b10111010 Y
b10111010 [
b10111010 \
b11110000000000100000000010100110011100010011110110100100 ;
b1110 7
b10100111 9
b10011 :
b101010 $
b101010 2
b101010 j
b11101010011100010011 i
b111100 W
b1100 s
1%
#1280000
0%
#1290000
b10000000 Y
b11110100000000100000000010100110011100010011110110100100 ;
b0 [
b10000000 \
b101010 $
b101010 2
b101010 j
b1111 7
b1010011 9
b10001001 :
b111101 W
b11110101001110001001 i
b1101 s
1%
#1300000
0%
#1310000
b11011 Y
b11011 \
b11111000000000100000000010100110011100010011110110100100 ;
b10101001 9
b11000100 :
b101010 $
b101010 2
b101010 j
b11111010100111000100 i
b111110 W
08
b10 '
b10 /
b1110 s
1%
#1320000
0%
#1330000
b1110001 Y
b11111100000000100000000010100110011100010011110110100100 ;
b1110001 \
b101010 $
b101010 2
b101010 j
b111 7
b11010100 9
b11100010 :
b111111 W
b1111101010011100010 i
b1111 s
1%
#1340000
0%
#1350000
b11111011 Y
b11111011 \
b100000000000000100000000010100110011100010011110110100100 ;
b11 7
b11101010 9
b1110001 :
b101010 $
b101010 2
b101010 j
b111110101001110001 i
b1000000 W
b10000 s
1%
#1360000
0%
#1370000
b1000011 Y
b100000100000000100000000010100110011100010011110110100100 ;
b1000011 \
b101010 $
b101010 2
b101010 j
b1 7
b11110101 9
b111000 :
b1000001 W
b11111010100111000 i
18
b11 '
b11 /
b10001 s
1%
#1380000
0%
#1390000
b11001110 Y
b11001110 \
b100001000000000100000000010100110011100010011110110100100 ;
b1000 7
b11111010 9
b10011100 :
b101010 $
b101010 2
b101010 j
b10001111101010011100 i
b1000010 W
08
b10 '
b10 /
b10010 s
1%
#1400000
0%
#1410000
b110011 Y
b100001100000000100000000010100110011100010011110110100100 ;
b110011 \
b101010 $
b101010 2
b101010 j
b100 7
b1111101 9
b1001110 :
b1000011 W
b1000111110101001110 i
b10011 s
1%
#1420000
0%
#1430000
b100110 Y
b100110 \
b100010000000000100000000010100110011100010011110110100100 ;
b10 7
b111110 9
b10100111 :
b101010 $
b101010 2
b101010 j
b100011111010100111 i
b1000100 W
06
b0 '
b0 /
b10100 s
1%
#1440000
0%
#1450000
b100010100000000100000000010100110011100010011110110100100 ;
b101010 $
b101010 2
b101010 j
b1000101 W
1A
b100 '
b100 /
1%
#1460000
0%
#1470000
b100110 ^
b100011000000000100000000000000010011000100011111010100111 ;
0I
0H
b100110 L
b100000 $
b100000 2
b100000 j
0f
0V
b100110 #
b100110 4
b100110 J
b10 e
b111110 d
b10100111 c
b1000110 W
0A
b0 '
b0 /
1%
#1471000
16
b10 '
b10 /
b0 s
b110011111110100110 q
b111111 p
b10100110 o
b11 r
b11 *
b11 +
b100110 m
b10 .
b10100111 ,
b111110 -
b100110 n
#1480000
0%
#1490000
b110100 Y
b100011100000000100000000000000010011000100011111010100111 ;
1X
b110100 \
b100000 $
b100000 2
b100000 j
b1 7
b11111 9
b1010011 :
b1000111 W
b10001111101010011 i
18
b11 '
b11 /
b1 s
1%
#1500000
0%
#1510000
b11010100 Y
0X
b11010100 \
b100100000000000100000000000000010011000100011111010100111 ;
b1000 7
b10001111 9
b10101001 :
b100000 $
b100000 2
b100000 j
b10001000111110101001 i
b1001000 W
b10 s
1%
#1520000
0%
#1530000
b1000111 Y
b100100100000000100000000000000010011000100011111010100111 ;
b1000111 \
b100000 $
b100000 2
b100000 j
b1100 7
b1000111 9
b11010100 :
b1001001 W
b11000100011111010100 i
08
b10 '
b10 /
b11 s
1%
#1540000
0%
#1550000
b11010100 Y
b11010100 \
b100101000000000100000000000000010011000100011111010100111 ;
b110 7
b100011 9
b11101010 :
b100000 $
b100000 2
b100000 j
b1100010001111101010 i
b1001010 W
b100 s
1%
#1560000
0%
#1570000
b11110101 Y
b100101100000000100000000000000010011000100011111010100111 ;
b11110101 \
b100000 $
b100000 2
b100000 j
b11 7
b10001 9
b11110101 :
b1001011 W
b110001000111110101 i
18
b11 '
b11 /
b101 s
1%
#1580000
0%
#1590000
b11110101 \
b100110000000000100000000000000010011000100011111010100111 ;
b1001 7
b10001000 9
b11111010 :
b100000 $
b100000 2
b100000 j
b10011000100011111010 i
b1001100 W
08
b10 '
b10 /
b110 s
1%
#1600000
0%
#1610000
b10111001 Y
b100110100000000100000000000000010011000100011111010100111 ;
b10111001 \
b100000 $
b100000 2
b100000 j
b100 7
b11000100 9
b1111101 :
b1001101 W
b1001100010001111101 i
18
b11 '
b11 /
b111 s
1%
#1620000
0%
#1630000
b11111 Y
b11111 \
b100111000000000100000000000000010011000100011111010100111 ;
b1010 7
b1100010 9
b111110 :
b100000 $
b100000 2
b100000 j
b10100110001000111110 i
b1001110 W
b1000 s
1%
#1640000
0%
#1650000
b110001 Y
b100111100000000100000000000000010011000100011111010100111 ;
b110001 \
b100000 $
b100000 2
b100000 j
b1101 7
b110001 9
b11111 :
b1001111 W
b11010011000100011111 i
b1001 s
1%
#1660000
0%
#1670000
b10000000 Y
b100100111 [
b10000000 \
b101000000000000100000000000000010011000100011111010100111 ;
b1110 7
b10011000 9
b10001111 :
b100000 $
b100000 2
b100000 j
b11101001100010001111 i
b1010000 W
b1010 s
1%
#1680000
0%
#1690000
b11111011 Y
b101000100000000100000000000000010011000100011111010100111 ;
b0 [
b11111011 \
b100000 $
b100000 2
b100000 j
b1111 7
b1001100 9
b1000111 :
b1010001 W
b11110100110001000111 i
b1011 s
1%
#1700000
0%
#1710000
b1111101 Y
b1111101 \
b101001000000000100000000000000010011000100011111010100111 ;
b10100110 9
b100011 :
b100000 $
b100000 2
b100000 j
b11111010011000100011 i
b1010010 W
b1100 s
1%
#1720000
0%
#1730000
b111110 Y
b101001100000000100000000000000010011000100011111010100111 ;
b111110 \
b100000 $
b100000 2
b100000 j
b11010011 9
b10001 :
b1010011 W
b11111101001100010001 i
b1101 s
1%
#1740000
0%
#1750000
b10011111 Y
b10011111 \
b101010000000000100000000000000010011000100011111010100111 ;
b11101001 9
b10001000 :
b100000 $
b100000 2
b100000 j
b11111110100110001000 i
b1010100 W
08
b10 '
b10 /
b1110 s
1%
#1760000
0%
#1770000
b1100010 Y
b101010100000000100000000000000010011000100011111010100111 ;
b1100010 \
b100000 $
b100000 2
b100000 j
b111 7
b11110100 9
b11000100 :
b1010101 W
b1111111010011000100 i
b1111 s
1%
#1780000
0%
#1790000
b11111010 Y
b11111010 \
b101011000000000100000000000000010011000100011111010100111 ;
b11 7
b11111010 9
b1100010 :
b100000 $
b100000 2
b100000 j
b111111101001100010 i
b1010110 W
18
b11 '
b11 /
b10000 s
1%
#1800000
0%
#1810000
b1100010 Y
b101011100000000100000000000000010011000100011111010100111 ;
b1100010 \
b100000 $
b100000 2
b100000 j
b1001 7
b11111101 9
b110001 :
b1010111 W
b10011111110100110001 i
b10001 s
1%
#1820000
0%
#1830000
b10011000 Y
b10011000 \
b101100000000000100000000000000010011000100011111010100111 ;
b1100 7
b11111110 9
b10011000 :
b100000 $
b100000 2
b100000 j
b11001111111010011000 i
b1011000 W
08
b10 '
b10 /
b10010 s
1%
#1840000
0%
#1850000
b101100100000000100000000000000010011000100011111010100111 ;
b10011000 \
b100000 $
b100000 2
b100000 j
b110 7
b1111111 9
b1001100 :
b1011001 W
b1100111111101001100 i
b10011 s
1%
#1860000
0%
#1870000
b10111111 Y
b10111111 \
b101101000000000100000000000000010011000100011111010100111 ;
b11 7
b111111 9
b10100110 :
b100000 $
b100000 2
b100000 j
b110011111110100110 i
b1011010 W
06
b0 '
b0 /
b10100 s
1%
#1880000
0%
#1890000
b101101100000000100000000000000010011000100011111010100111 ;
b100000 $
b100000 2
b100000 j
b1011011 W
1A
b100 '
b100 /
1%
#1900000
0%
#1910000
b10111111 ^
b101110000000000100000000001001011111100110011111110100110 ;
b10111111 L
b100100 $
b100100 2
b100100 j
1b
b10111111 #
b10111111 4
b10111111 J
b11 e
b111111 d
b10100110 c
b1011100 W
0A
b0 '
b0 /
1%
#1911000
18
16
b11 '
b11 /
b0 s
b1000100000010100001 q
b1000000 p
b10100001 o
b100 r
b100 *
b100 +
b10111111 m
b11 .
b10100110 ,
b111111 -
b10111111 n
#1920000
0%
#1930000
b10100111 Y
b101110100000000100000000001001011111100110011111110100110 ;
b10100111 \
b100100 $
b100100 2
b100100 j
b1001 7
b10011111 9
b11010011 :
b1011101 W
b10011001111111010011 i
08
b10 '
b10 /
b1 s
1%
#1940000
0%
#1950000
b100110 Y
b100110 \
b101111000000000100000000001001011111100110011111110100110 ;
b100 7
b11001111 9
b11101001 :
b100100 $
b100100 2
b100100 j
b1001100111111101001 i
b1011110 W
b10 s
1%
#1960000
0%
#1970000
b1100100 Y
b101111100000000100000000001001011111100110011111110100110 ;
b1100100 \
b100100 $
b100100 2
b100100 j
b10 7
b1100111 9
b11110100 :
b1011111 W
b100110011111110100 i
b11 s
1%
#1980000
0%
#1990000
b11000111 Y
1X
b11000111 \
b110000000000000100000000001001011111100110011111110100110 ;
b1 7
b110011 9
b11111010 :
b100100 $
b100100 2
b100100 j
b10011001111111010 i
b1100000 W
b100 s
1%
#2000000
0%
#2010000
b10010110 Y
b110000100000000100000000001001011111100110011111110100110 ;
b110010110 [
1X
b10010110 \
b100100 $
b100100 2
b100100 j
b0 7
b10011001 9
b11111101 :
b1100001 W
b1001100111111101 i
18
b11 '
b11 /
b101 s
1%
#2020000
0%
#2030000
b11111111 Y
0X
b0 [
b11111111 \
b110001000000000100000000001001011111100110011111110100110 ;
b1000 7
b1001100 9
b11111110 :
b100100 $
b100100 2
b100100 j
b10000100110011111110 i
b1100010 W
08
b10 '
b10 /
b110 s
1%
#2040000
0%
#2050000
b1011001 Y
b110001100000000100000000001001011111100110011111110100110 ;
b1011001 \
b100100 $
b100100 2
b100100 j
b100 7
b100110 9
b1111111 :
b1100011 W
b1000010011001111111 i
18
b11 '
b11 /
b111 s
1%
#2060000
0%
#2070000
b10011111 Y
b10011111 \
b110010000000000100000000001001011111100110011111110100110 ;
b1010 7
b10011 9
b111111 :
b100100 $
b100100 2
b100100 j
b10100001001100111111 i
b1100100 W
08
b10 '
b10 /
b1000 s
1%
#2080000
0%
#2090000
b1100000 Y
b110010100000000100000000001001011111100110011111110100110 ;
b1100000 \
b100100 $
b100100 2
b100100 j
b101 7
b1001 9
b10011111 :
b1100101 W
b1010000100110011111 i
b1001 s
1%
#2100000
0%
#2110000
b10000100 Y
b10000100 \
b110011000000000100000000001001011111100110011111110100110 ;
b10 7
b10000100 9
b11001111 :
b100100 $
b100100 2
b100100 j
b101000010011001111 i
b1100110 W
b1010 s
1%
#2120000
0%
#2130000
b100101 Y
b110011100000000100000000001001011111100110011111110100110 ;
1X
b100101 \
b100100 $
b100100 2
b100100 j
b1 7
b1000010 9
b1100111 :
b1100111 W
b10100001001100111 i
b1011 s
1%
#2140000
0%
#2150000
b11010100 Y
b11010100 [
0X
b11010100 \
b110100000000000100000000001001011111100110011111110100110 ;
b0 7
b10100001 9
b110011 :
b100100 $
b100100 2
b100100 j
b1010000100110011 i
b1101000 W
b1100 s
1%
#2160000
0%
#2170000
b11101001 Y
b110100100000000100000000001001011111100110011111110100110 ;
b11101001 [
b11101001 \
b100100 $
b100100 2
b100100 j
b1010000 9
b10011001 :
b1101001 W
b101000010011001 i
b1101 s
1%
#2180000
0%
#2190000
b1110100 Y
b1110100 [
b1110100 \
b110101000000000100000000001001011111100110011111110100110 ;
b101000 9
b1001100 :
b100100 $
b100100 2
b100100 j
b10100001001100 i
b1101010 W
18
b11 '
b11 /
b1110 s
1%
#2200000
0%
#2210000
b10011 Y
b110101100000000100000000001001011111100110011111110100110 ;
b0 [
b10011 \
b100100 $
b100100 2
b100100 j
b1000 7
b10100 9
b100110 :
b1101011 W
b10000001010000100110 i
08
b10 '
b10 /
b1111 s
1%
#2220000
0%
#2230000
b11001 Y
b11001 \
b110110000000000100000000001001011111100110011111110100110 ;
b100 7
b1010 9
b10011 :
b100100 $
b100100 2
b100100 j
b1000000101000010011 i
b1101100 W
b10000 s
1%
#2240000
0%
#2250000
b1 Y
b110110100000000100000000001001011111100110011111110100110 ;
b1 \
b100100 $
b100100 2
b100100 j
b10 7
b101 9
b1001 :
b1101101 W
b100000010100001001 i
b10001 s
1%
#2260000
0%
#2270000
b10000010 Y
1X
b10000010 \
b110111000000000100000000001001011111100110011111110100110 ;
b1 7
b10 9
b10000100 :
b100100 $
b100100 2
b100100 j
b10000001010000100 i
b1101110 W
18
b11 '
b11 /
b10010 s
1%
#2280000
0%
#2290000
b100001 Y
b110111100000000100000000001001011111100110011111110100110 ;
0X
b100001 \
b100100 $
b100100 2
b100100 j
b1000 7
b10000001 9
b1000010 :
b1101111 W
b10001000000101000010 i
08
b10 '
b10 /
b10011 s
1%
#2300000
0%
#2310000
b11100001 Y
b11100001 \
b111000000000000100000000001001011111100110011111110100110 ;
b100 7
b1000000 9
b10100001 :
b100100 $
b100100 2
b100100 j
b1000100000010100001 i
b1110000 W
06
b0 '
b0 /
b10100 s
1%
#2320000
0%
#2330000
b111000100000000100000000001001011111100110011111110100110 ;
b100100 $
b100100 2
b100100 j
b1110001 W
1A
b100 '
b100 /
1%
#2340000
0%
#2350000
b11100001 ^
b111001000000000100000000001001110000101000100000010100001 ;
b11100001 L
b100100 $
b100100 2
b100100 j
b11100001 #
b11100001 4
b11100001 J
b100 e
b1000000 d
b10100001 c
b1110010 W
0A
b0 '
b0 /
1%
#2351000
16
b10 '
b10 /
b0 s
b1010100000110100000 q
b1000001 p
b10100000 o
b101 r
b101 *
b101 +
b11100001 m
b100 .
b10100001 ,
b1000000 -
b11100001 n
#2360000
0%
#2370000
b0 Y
b111001100000000100000000001001110000101000100000010100001 ;
b0 \
b100100 $
b100100 2
b100100 j
b10 7
b100000 9
b1010000 :
b1110011 W
b100010000001010000 i
b1 s
1%
#2380000
0%
#2390000
b11000 Y
1X
b11000 \
b111010000000000100000000001001110000101000100000010100001 ;
b1 7
b10000 9
b101000 :
b100100 $
b100100 2
b100100 j
b10001000000101000 i
b1110100 W
b10 s
1%
#2400000
0%
#2410000
b10011100 Y
b111010100000000100000000001001110000101000100000010100001 ;
b10011100 [
0X
b10011100 \
b100100 $
b100100 2
b100100 j
b0 7
b10001000 9
b10100 :
b1110101 W
b1000100000010100 i
b11 s
1%
#2420000
0%
#2430000
b1001110 Y
b1001110 [
b1001110 \
b111011000000000100000000001001110000101000100000010100001 ;
b1000100 9
b1010 :
b100100 $
b100100 2
b100100 j
b100010000001010 i
b1110110 W
b100 s
1%
#2440000
0%
#2450000
b100111 Y
b111011100000000100000000001001110000101000100000010100001 ;
b100111 [
b100111 \
b100100 $
b100100 2
b100100 j
b100010 9
b101 :
b1110111 W
b10001000000101 i
18
b11 '
b11 /
b101 s
1%
#2460000
0%
#2470000
b1 Y
b0 [
b1 \
b111100000000000100000000001001110000101000100000010100001 ;
b1000 7
b10001 9
b10 :
b100100 $
b100100 2
b100100 j
b10000001000100000010 i
b1111000 W
08
b10 '
b10 /
b110 s
1%
#2480000
0%
#2490000
b10001001 Y
b111100100000000100000000001001110000101000100000010100001 ;
b10001001 \
b100100 $
b100100 2
b100100 j
b100 7
b1000 9
b10000001 :
b1111001 W
b1000000100010000001 i
18
b11 '
b11 /
b111 s
1%
#2500000
0%
#2510000
b100000 Y
b100000 \
b111101000000000100000000001001110000101000100000010100001 ;
b1010 7
b100 9
b1000000 :
b100100 $
b100100 2
b100100 j
b10100000010001000000 i
b1111010 W
b1000 s
1%
#2520000
0%
#2530000
b111101100000000100000000001001110000101000100000010100001 ;
b100000 \
b100100 $
b100100 2
b100100 j
b1101 7
b10 9
b100000 :
b1111011 W
b11010000001000100000 i
08
b10 '
b10 /
b1001 s
1%
#2540000
0%
#2550000
b100000 \
b111110000000000100000000001001110000101000100000010100001 ;
b110 7
b10000001 9
b10000 :
b100100 $
b100100 2
b100100 j
b1101000000100010000 i
b1111100 W
b1010 s
1%
#2560000
0%
#2570000
b11001000 Y
b111110100000000100000000001001110000101000100000010100001 ;
b11001000 \
b100100 $
b100100 2
b100100 j
b11 7
b1000000 9
b10001000 :
b1111101 W
b110100000010001000 i
b1011 s
1%
#2580000
0%
#2590000
b10100100 Y
1Z
b10100100 \
b111111000000000100000000001001110000101000100000010100001 ;
b1 7
b10100000 9
b1000100 :
b100100 $
b100100 2
b100100 j
b11010000001000100 i
b1111110 W
b1100 s
1%
#2600000
0%
#2610000
b11110010 Y
b111111100000000100000000001001110000101000100000010100001 ;
b11110010 [
0Z
b11110010 \
b100100 $
b100100 2
b100100 j
b0 7
b11010000 9
b100010 :
b1111111 W
b1101000000100010 i
b1101 s
1%
#2620000
0%
#2630000
b1111001 Y
b1111001 [
b1111001 \
b1000000000000000100000000001001110000101000100000010100001 ;
b1101000 9
b10001 :
b100100 $
b100100 2
b100100 j
b110100000010001 i
b10000000 W
18
b11 '
b11 /
b1110 s
1%
#2640000
0%
#2650000
b100 Y
b1000000100000000100000000001001110000101000100000010100001 ;
b0 [
b100 \
b100100 $
b100100 2
b100100 j
b1000 7
b110100 9
b1000 :
b10000001 W
b10000011010000001000 i
08
b10 '
b10 /
b1111 s
1%
#2660000
0%
#2670000
b11110 Y
b11110 \
b1000001000000000100000000001001110000101000100000010100001 ;
b100 7
b11010 9
b100 :
b100100 $
b100100 2
b100100 j
b1000001101000000100 i
b10000010 W
18
b11 '
b11 /
b10000 s
1%
#2680000
0%
#2690000
b1 Y
b1000001100000000100000000001001110000101000100000010100001 ;
b1 \
b100100 $
b100100 2
b100100 j
b1010 7
b1101 9
b10 :
b10000011 W
b10100000110100000010 i
08
b10 '
b10 /
b10001 s
1%
#2700000
0%
#2710000
b1111110 Y
b1111110 \
b1000010000000000100000000001001110000101000100000010100001 ;
b101 7
b110 9
b10000001 :
b100100 $
b100100 2
b100100 j
b1010000011010000001 i
b10000100 W
18
b11 '
b11 /
b10010 s
1%
#2720000
0%
#2730000
b100000 Y
b1000010100000000100000000001001110000101000100000010100001 ;
b100000 \
b100100 $
b100100 2
b100100 j
b1010 7
b10000011 9
b1000000 :
b10000101 W
b10101000001101000000 i
08
b10 '
b10 /
b10011 s
1%
#2740000
0%
#2750000
b1011111 Y
b1011111 \
b1000011000000000100000000001001110000101000100000010100001 ;
b101 7
b1000001 9
b10100000 :
b100100 $
b100100 2
b100100 j
b1010100000110100000 i
b10000110 W
06
b0 '
b0 /
b10100 s
1%
#2760000
0%
#2770000
b1000011100000000100000000001001110000101000100000010100001 ;
b100100 $
b100100 2
b100100 j
b10000111 W
1A
b100 '
b100 /
1%
#2780000
0%
#2790000
b1011111 ^
b1000100000000000100000000000000101111101010100000110100000 ;
b1011111 L
b100000 $
b100000 2
b100000 j
0b
b1011111 #
b1011111 4
b1011111 J
b101 e
b1000001 d
b10100000 c
b10001000 W
0A
b0 '
b0 /
1%
#2791000
18
16
b11 '
b11 /
b0 s
b1100100001010100011 q
b1000010 p
b10100011 o
b110 r
b110 *
b110 +
b1011111 m
b101 .
b10100000 ,
b1000001 -
b1011111 n
#2800000
0%
#2810000
b1101000 Y
b1000100100000000100000000000000101111101010100000110100000 ;
b1101000 \
b100000 $
b100000 2
b100000 j
b1010 7
b10100000 9
b11010000 :
b10001001 W
b10101010000011010000 i
b1 s
1%
#2820000
0%
#2830000
b1101000 \
b1000101000000000100000000000000101111101010100000110100000 ;
b1101 7
b1010000 9
b1101000 :
b100000 $
b100000 2
b100000 j
b11010101000001101000 i
b10001010 W
08
b10 '
b10 /
b10 s
1%
#2840000
0%
#2850000
b1000101100000000100000000000000101111101010100000110100000 ;
b1101000 \
b100000 $
b100000 2
b100000 j
b110 7
b10101000 9
b110100 :
b10001011 W
b1101010100000110100 i
b11 s
1%
#2860000
0%
#2870000
b1011110 Y
b1011110 \
b1000110000000000100000000000000101111101010100000110100000 ;
b11 7
b1010100 9
b11010 :
b100000 $
b100000 2
b100000 j
b110101010000011010 i
b10001100 W
b100 s
1%
#2880000
0%
#2890000
b1100011 Y
b1000110100000000100000000000000101111101010100000110100000 ;
b1100011 \
b100000 $
b100000 2
b100000 j
b1 7
b10101010 9
b1101 :
b10001101 W
b11010101000001101 i
18
b11 '
b11 /
b101 s
1%
#2900000
0%
#2910000
b11 Y
b11 \
b1000111000000000100000000000000101111101010100000110100000 ;
b1000 7
b11010101 9
b110 :
b100000 $
b100000 2
b100000 j
b10001101010100000110 i
b10001110 W
08
b10 '
b10 /
b110 s
1%
#2920000
0%
#2930000
b11101001 Y
b1000111100000000100000000000000101111101010100000110100000 ;
b11101001 \
b100000 $
b100000 2
b100000 j
b100 7
b1101010 9
b10000011 :
b10001111 W
b1000110101010000011 i
18
b11 '
b11 /
b111 s
1%
#2940000
0%
#2950000
b10100000 Y
b10100000 \
b1001000000000000100000000000000101111101010100000110100000 ;
b1010 7
b110101 9
b1000001 :
b100000 $
b100000 2
b100000 j
b10100011010101000001 i
b10010000 W
08
b10 '
b10 /
b1000 s
1%
#2960000
0%
#2970000
b1011111 Y
b1001000100000000100000000000000101111101010100000110100000 ;
b1011111 \
b100000 $
b100000 2
b100000 j
b101 7
b11010 9
b10100000 :
b10010001 W
b1010001101010100000 i
18
b11 '
b11 /
b1001 s
1%
#2980000
0%
#2990000
b101000 Y
b101000 \
b1001001000000000100000000000000101111101010100000110100000 ;
b1010 7
b10001101 9
b1010000 :
b100000 $
b100000 2
b100000 j
b10101000110101010000 i
b10010010 W
08
b10 '
b10 /
b1010 s
1%
#3000000
0%
#3010000
b1010111 Y
b1001001100000000100000000000000101111101010100000110100000 ;
b1010111 \
b100000 $
b100000 2
b100000 j
b101 7
b1000110 9
b10101000 :
b10010011 W
b1010100011010101000 i
b1011 s
1%
#3020000
0%
#3030000
b0 Y
b0 \
b1001010000000000100000000000000101111101010100000110100000 ;
b10 7
b10100011 9
b1010100 :
b100000 $
b100000 2
b100000 j
b101010001101010100 i
b10010100 W
b1100 s
1%
#3040000
0%
#3050000
b1011001 Y
b1001010100000000100000000000000101111101010100000110100000 ;
1Z
1X
b1011001 \
b100000 $
b100000 2
b100000 j
b1 7
b1010001 9
b10101010 :
b10010101 W
b10101000110101010 i
b1101 s
1%
#3060000
0%
#3070000
b1111101 Y
b101111101 [
1Z
1X
b1111101 \
b1001011000000000100000000000000101111101010100000110100000 ;
b0 7
b10101000 9
b11010101 :
b100000 $
b100000 2
b100000 j
b1010100011010101 i
b10010110 W
18
b11 '
b11 /
b1110 s
1%
#3080000
0%
#3090000
b110101 Y
b1001011100000000100000000000000101111101010100000110100000 ;
0Z
0X
b0 [
b110101 \
b100000 $
b100000 2
b100000 j
b1000 7
b1010100 9
b1101010 :
b10010111 W
b10000101010001101010 i
08
b10 '
b10 /
b1111 s
1%
#3100000
0%
#3110000
b11111 Y
b11111 \
b1001100000000000100000000000000101111101010100000110100000 ;
b100 7
b101010 9
b110101 :
b100000 $
b100000 2
b100000 j
b1000010101000110101 i
b10011000 W
b10000 s
1%
#3120000
0%
#3130000
b10000 Y
b1001100100000000100000000000000101111101010100000110100000 ;
b10000 \
b100000 $
b100000 2
b100000 j
b10 7
b10101 9
b11010 :
b10011001 W
b100001010100011010 i
18
b11 '
b11 /
b10001 s
1%
#3140000
0%
#3150000
b11011 Y
b11011 \
b1001101000000000100000000000000101111101010100000110100000 ;
b1001 7
b1010 9
b10001101 :
b100000 $
b100000 2
b100000 j
b10010000101010001101 i
b10011010 W
b10010 s
1%
#3160000
0%
#3170000
b1000110 Y
b1001101100000000100000000000000101111101010100000110100000 ;
b1000110 \
b100000 $
b100000 2
b100000 j
b1100 7
b10000101 9
b1000110 :
b10011011 W
b11001000010101000110 i
08
b10 '
b10 /
b10011 s
1%
#3180000
0%
#3190000
b1000110 \
b1001110000000000100000000000000101111101010100000110100000 ;
b110 7
b1000010 9
b10100011 :
b100000 $
b100000 2
b100000 j
b1100100001010100011 i
b10011100 W
06
b0 '
b0 /
b10100 s
1%
#3200000
0%
#3210000
b1001110100000000100000000000000101111101010100000110100000 ;
b100000 $
b100000 2
b100000 j
b10011101 W
1A
b100 '
b100 /
1%
#3220000
0%
#3230000
b1000110 ^
b1001111000000000100000000000000100011001100100001010100011 ;
b1000110 L
b100000 $
b100000 2
b100000 j
b1000110 #
b1000110 4
b1000110 J
b110 e
b1000010 d
b10100011 c
b10011110 W
0A
b0 '
b0 /
1%
#3231000
16
b10 '
b10 /
b0 s
b1110100001110100010 q
b1000011 p
b10100010 o
b111 r
b111 *
b111 +
b1000110 m
b110 .
b10100011 ,
b1000010 -
b1000110 n
#3240000
0%
#3250000
b1110001 Y
b1001111100000000100000000000000100011001100100001010100011 ;
b1110001 \
b100000 $
b100000 2
b100000 j
b11 7
b100001 9
b1010001 :
b10011111 W
b110010000101010001 i
18
b11 '
b11 /
b1 s
1%
#3260000
0%
#3270000
b1010001 Y
b1010001 \
b1010000000000000100000000000000100011001100100001010100011 ;
b1001 7
b10010000 9
b10101000 :
b100000 $
b100000 2
b100000 j
b10011001000010101000 i
b10100000 W
08
b10 '
b10 /
b10 s
1%
#3280000
0%
#3290000
b10011100 Y
b1010000100000000100000000000000100011001100100001010100011 ;
b10011100 \
b100000 $
b100000 2
b100000 j
b100 7
b11001000 9
b1010100 :
b10100001 W
b1001100100001010100 i
b11 s
1%
#3300000
0%
#3310000
b100000 Y
b100000 \
b1010001000000000100000000000000100011001100100001010100011 ;
b10 7
b1100100 9
b101010 :
b100000 $
b100000 2
b100000 j
b100110010000101010 i
b10100010 W
b100 s
1%
#3320000
0%
#3330000
b11100011 Y
b1010001100000000100000000000000100011001100100001010100011 ;
b11100011 \
b100000 $
b100000 2
b100000 j
b1 7
b110010 9
b10101 :
b10100011 W
b10011001000010101 i
18
b11 '
b11 /
b101 s
1%
#3340000
0%
#3350000
b101 Y
b101 \
b1010010000000000100000000000000100011001100100001010100011 ;
b1000 7
b10011001 9
b1010 :
b100000 $
b100000 2
b100000 j
b10001001100100001010 i
b10100100 W
08
b10 '
b10 /
b110 s
1%
#3360000
0%
#3370000
b11001001 Y
b1010010100000000100000000000000100011001100100001010100011 ;
b11001001 \
b100000 $
b100000 2
b100000 j
b100 7
b1001100 9
b10000101 :
b10100101 W
b1000100110010000101 i
18
b11 '
b11 /
b111 s
1%
#3380000
0%
#3390000
b100001 Y
b100001 \
b1010011000000000100000000000000100011001100100001010100011 ;
b1010 7
b100110 9
b1000010 :
b100000 $
b100000 2
b100000 j
b10100010011001000010 i
b10100110 W
b1000 s
1%
#3400000
0%
#3410000
b1010011100000000100000000000000100011001100100001010100011 ;
b100001 \
b100000 $
b100000 2
b100000 j
b1101 7
b10011 9
b100001 :
b10100111 W
b11010001001100100001 i
b1001 s
1%
#3420000
0%
#3430000
b10000000 Y
b100011001 [
b10000000 \
b1010100000000000100000000000000100011001100100001010100011 ;
b1110 7
b10001001 9
b10010000 :
b100000 $
b100000 2
b100000 j
b11101000100110010000 i
b10101000 W
08
b10 '
b10 /
b1010 s
1%
#3440000
0%
#3450000
b1100100 Y
b1010100100000000100000000000000100011001100100001010100011 ;
b0 [
b1100100 \
b100000 $
b100000 2
b100000 j
b111 7
b1000100 9
b11001000 :
b10101001 W
b1110100010011001000 i
b1011 s
1%
#3460000
0%
#3470000
b11100110 Y
b11100110 \
b1010101000000000100000000000000100011001100100001010100011 ;
b11 7
b10100010 9
b1100100 :
b100000 $
b100000 2
b100000 j
b111010001001100100 i
b10101010 W
b1100 s
1%
#3480000
0%
#3490000
b1100001 Y
b1010101100000000100000000000000100011001100100001010100011 ;
b1100001 \
b100000 $
b100000 2
b100000 j
b1 7
b11010001 9
b110010 :
b10101011 W
b11101000100110010 i
b1101 s
1%
#3500000
0%
#3510000
b10000001 Y
1X
b110000001 [
b10000001 \
b1010110000000000100000000000000100011001100100001010100011 ;
b0 7
b11101000 9
b10011001 :
b100000 $
b100000 2
b100000 j
b1110100010011001 i
b10101100 W
18
b11 '
b11 /
b1110 s
1%
#3520000
0%
#3530000
b100110 Y
b1010110100000000100000000000000100011001100100001010100011 ;
0X
b0 [
b100110 \
b100000 $
b100000 2
b100000 j
b1000 7
b1110100 9
b1001100 :
b10101101 W
b10000111010001001100 i
08
b10 '
b10 /
b1111 s
1%
#3540000
0%
#3550000
b11100 Y
b11100 \
b1010111000000000100000000000000100011001100100001010100011 ;
b100 7
b111010 9
b100110 :
b100000 $
b100000 2
b100000 j
b1000011101000100110 i
b10101110 W
18
b11 '
b11 /
b10000 s
1%
#3560000
0%
#3570000
b10001001 Y
b1010111100000000100000000000000100011001100100001010100011 ;
b10001001 \
b100000 $
b100000 2
b100000 j
b1010 7
b11101 9
b10011 :
b10101111 W
b10100001110100010011 i
b10001 s
1%
#3580000
0%
#3590000
b10001001 \
b1011000000000000100000000000000100011001100100001010100011 ;
b1101 7
b1110 9
b10001001 :
b100000 $
b100000 2
b100000 j
b11010000111010001001 i
b10110000 W
b10010 s
1%
#3600000
0%
#3610000
b11001011 Y
b1011000100000000100000000000000100011001100100001010100011 ;
b11001011 [
b11001011 \
b100000 $
b100000 2
b100000 j
b1110 7
b10000111 9
b1000100 :
b10110001 W
b11101000011101000100 i
08
b10 '
b10 /
b10011 s
1%
#3620000
0%
#3630000
b1010001 Y
b0 [
b1010001 \
b1011001000000000100000000000000100011001100100001010100011 ;
b111 7
b1000011 9
b10100010 :
b100000 $
b100000 2
b100000 j
b1110100001110100010 i
b10110010 W
06
b0 '
b0 /
b10100 s
1%
#3640000
0%
#3650000
b1011001100000000100000000000000100011001100100001010100011 ;
b100000 $
b100000 2
b100000 j
b10110011 W
1A
b100 '
b100 /
1%
#3660000
0%
#3670000
b1010001 ^
b1011010000000000100000000000000101000101110100001110100010 ;
b1010001 L
b100000 $
b100000 2
b100000 j
b1010001 #
b1010001 4
b1010001 J
b111 e
b1000011 d
b10100010 c
b10110100 W
0A
b0 '
b0 /
1%
#3671000
18
16
b11 '
b11 /
b0 s
b10000100010010101101 q
b1000100 p
b10101101 o
b1000 r
b1000 *
b1000 +
b1010001 m
b111 .
b10100010 ,
b1000011 -
b1010001 n
#3680000
0%
#3690000
b0 Y
b1011010100000000100000000000000101000101110100001110100010 ;
b0 \
b100000 $
b100000 2
b100000 j
b1011 7
b10100001 9
b11010001 :
b10110101 W
b10111010000111010001 i
08
b10 '
b10 /
b1 s
1%
#3700000
0%
#3710000
b10111 Y
b10111 \
b1011011000000000100000000000000101000101110100001110100010 ;
b101 7
b11010000 9
b11101000 :
b100000 $
b100000 2
b100000 j
b1011101000011101000 i
b10110110 W
18
b11 '
b11 /
b10 s
1%
#3720000
0%
#3730000
b111010 Y
b1011011100000000100000000000000101000101110100001110100010 ;
b111010 \
b100000 $
b100000 2
b100000 j
b1010 7
b11101000 9
b1110100 :
b10110111 W
b10101110100001110100 i
b11 s
1%
#3740000
0%
#3750000
b1110100 Y
b1110100 \
b1011100000000000100000000000000101000101110100001110100010 ;
b1101 7
b1110100 9
b111010 :
b100000 $
b100000 2
b100000 j
b11010111010000111010 i
b10111000 W
08
b10 '
b10 /
b100 s
1%
#3760000
0%
#3770000
b111010 Y
b1011100100000000100000000000000101000101110100001110100010 ;
b111010 \
b100000 $
b100000 2
b100000 j
b110 7
b10111010 9
b11101 :
b10111001 W
b1101011101000011101 i
18
b11 '
b11 /
b101 s
1%
#3780000
0%
#3790000
b1 Y
b1 \
b1011101000000000100000000000000101000101110100001110100010 ;
b1011 7
b1011101 9
b1110 :
b100000 $
b100000 2
b100000 j
b10110101110100001110 i
b10111010 W
08
b10 '
b10 /
b110 s
1%
#3800000
0%
#3810000
b1111000 Y
b1011101100000000100000000000000101000101110100001110100010 ;
b1111000 \
b100000 $
b100000 2
b100000 j
b101 7
b10101110 9
b10000111 :
b10111011 W
b1011010111010000111 i
18
b11 '
b11 /
b111 s
1%
#3820000
0%
#3830000
b10100001 Y
b10100001 \
b1011110000000000100000000000000101000101110100001110100010 ;
b1010 7
b11010111 9
b1000011 :
b100000 $
b100000 2
b100000 j
b10101101011101000011 i
b10111100 W
08
b10 '
b10 /
b1000 s
1%
#3840000
0%
#3850000
b1011110 Y
b1011110100000000100000000000000101000101110100001110100010 ;
b1011110 \
b100000 $
b100000 2
b100000 j
b101 7
b1101011 9
b10100001 :
b10111101 W
b1010110101110100001 i
b1001 s
1%
#3860000
0%
#3870000
b10010000 Y
b10010000 \
b1011111000000000100000000000000101000101110100001110100010 ;
b10 7
b10110101 9
b11010000 :
b100000 $
b100000 2
b100000 j
b101011010111010000 i
b10111110 W
18
b11 '
b11 /
b1010 s
1%
#3880000
0%
#3890000
b11010001 Y
b1011111100000000100000000000000101000101110100001110100010 ;
b11010001 \
b100000 $
b100000 2
b100000 j
b1001 7
b1011010 9
b11101000 :
b10111111 W
b10010101101011101000 i
08
b10 '
b10 /
b1011 s
1%
#3900000
0%
#3910000
b11011001 Y
b11011001 \
b1100000000000000100000000000000101000101110100001110100010 ;
b100 7
b10101101 9
b1110100 :
b100000 $
b100000 2
b100000 j
b1001010110101110100 i
b11000000 W
b1100 s
1%
#3920000
0%
#3930000
b10010 Y
b1100000100000000100000000000000101000101110100001110100010 ;
b10010 \
b100000 $
b100000 2
b100000 j
b10 7
b1010110 9
b10111010 :
b11000001 W
b100101011010111010 i
b1101 s
1%
#3940000
0%
#3950000
b110010 Y
1X
b110010 \
b1100001000000000100000000000000101000101110100001110100010 ;
b1 7
b101011 9
b1011101 :
b100000 $
b100000 2
b100000 j
b10010101101011101 i
b11000010 W
18
b11 '
b11 /
b1110 s
1%
#3960000
0%
#3970000
b11010111 Y
b1100001100000000100000000000000101000101110100001110100010 ;
0X
b11010111 \
b100000 $
b100000 2
b100000 j
b1000 7
b10010101 9
b10101110 :
b11000011 W
b10001001010110101110 i
08
b10 '
b10 /
b1111 s
1%
#3980000
0%
#3990000
b10011101 Y
b10011101 \
b1100010000000000100000000000000101000101110100001110100010 ;
b100 7
b1001010 9
b11010111 :
b100000 $
b100000 2
b100000 j
b1000100101011010111 i
b11000100 W
b10000 s
1%
#4000000
0%
#4010000
b100001 Y
b1100010100000000100000000000000101000101110100001110100010 ;
b100001 \
b100000 $
b100000 2
b100000 j
b10 7
b100101 9
b1101011 :
b11000101 W
b100010010101101011 i
b10001 s
1%
#4020000
0%
#4030000
b10100011 Y
1X
b10100011 \
b1100011000000000100000000000000101000101110100001110100010 ;
b1 7
b10010 9
b10110101 :
b100000 $
b100000 2
b100000 j
b10001001010110101 i
b11000110 W
b10010 s
1%
#4040000
0%
#4050000
b11100011 Y
b1100011100000000100000000000000101000101110100001110100010 ;
b11100011 [
0X
b11100011 \
b100000 $
b100000 2
b100000 j
b0 7
b10001001 9
b1011010 :
b11000111 W
b1000100101011010 i
18
b11 '
b11 /
b10011 s
1%
#4060000
0%
#4070000
b11010110 Y
b0 [
b11010110 \
b1100100000000000100000000000000101000101110100001110100010 ;
b1000 7
b1000100 9
b10101101 :
b100000 $
b100000 2
b100000 j
b10000100010010101101 i
b11001000 W
08
06
b0 '
b0 /
b10100 s
1%
#4080000
0%
#4090000
b1100100100000000100000000000000101000101110100001110100010 ;
b100000 $
b100000 2
b100000 j
b11001001 W
1A
b100 '
b100 /
1%
#4100000
0%
#4110000
b11010110 ^
b1100101000000000100000000001001101011010000100010010101101 ;
b11010110 L
b100100 $
b100100 2
b100100 j
1b
b11010110 #
b11010110 4
b11010110 J
b1000 e
b1000100 d
b10101101 c
b11001010 W
0A
b0 '
b0 /
1%
#4111000
16
b10 '
b10 /
b0 s
b10010100010110101100 q
b1000101 p
b10101100 o
b1001 r
b1001 *
b1001 +
b11010110 m
b1000 .
b10101101 ,
b1000100 -
b11010110 n
#4120000
0%
#4130000
b1110100 Y
b1100101100000000100000000001001101011010000100010010101101 ;
b1110100 \
b100100 $
b100100 2
b100100 j
b100 7
b100010 9
b1010110 :
b11001011 W
b1000010001001010110 i
b1 s
1%
#4140000
0%
#4150000
b1 Y
b1 \
b1100110000000000100000000001001101011010000100010010101101 ;
b10 7
b10001 9
b101011 :
b100100 $
b100100 2
b100100 j
b100001000100101011 i
b11001100 W
18
b11 '
b11 /
b10 s
1%
#4160000
0%
#4170000
b101011 Y
b1100110100000000100000000001001101011010000100010010101101 ;
b101011 \
b100100 $
b100100 2
b100100 j
b1001 7
b1000 9
b10010101 :
b11001101 W
b10010000100010010101 i
b11 s
1%
#4180000
0%
#4190000
b1001010 Y
b1001010 \
b1100111000000000100000000001001101011010000100010010101101 ;
b1100 7
b10000100 9
b1001010 :
b100100 $
b100100 2
b100100 j
b11001000010001001010 i
b11001110 W
08
b10 '
b10 /
b100 s
1%
#4200000
0%
#4210000
b1100111100000000100000000001001101011010000100010010101101 ;
b1001010 \
b100100 $
b100100 2
b100100 j
b110 7
b1000010 9
b100101 :
b11001111 W
b1100100001000100101 i
18
b11 '
b11 /
b101 s
1%
#4220000
0%
#4230000
b1 Y
b1 \
b1101000000000000100000000001001101011010000100010010101101 ;
b1011 7
b100001 9
b10010 :
b100100 $
b100100 2
b100100 j
b10110010000100010010 i
b11010000 W
08
b10 '
b10 /
b110 s
1%
#4240000
0%
#4250000
b1110110 Y
b1101000100000000100000000001001101011010000100010010101101 ;
b1110110 \
b100100 $
b100100 2
b100100 j
b101 7
b10010000 9
b10001001 :
b11010001 W
b1011001000010001001 i
18
b11 '
b11 /
b111 s
1%
#4260000
0%
#4270000
b100010 Y
b100010 \
b1101001000000000100000000001001101011010000100010010101101 ;
b1010 7
b11001000 9
b1000100 :
b100100 $
b100100 2
b100100 j
b10101100100001000100 i
b11010010 W
b1000 s
1%
#4280000
0%
#4290000
b1100100 Y
b1101001100000000100000000001001101011010000100010010101101 ;
b1100100 \
b100100 $
b100100 2
b100100 j
b1101 7
b1100100 9
b100010 :
b11010011 W
b11010110010000100010 i
08
b10 '
b10 /
b1001 s
1%
#4300000
0%
#4310000
b100010 Y
b100010 \
b1101010000000000100000000001001101011010000100010010101101 ;
b110 7
b10110010 9
b10001 :
b100100 $
b100100 2
b100100 j
b1101011001000010001 i
b11010100 W
18
b11 '
b11 /
b1010 s
1%
#4320000
0%
#4330000
b1 Y
b1101010100000000100000000001001101011010000100010010101101 ;
b1 \
b100100 $
b100100 2
b100100 j
b1011 7
b1011001 9
b1000 :
b11010101 W
b10110101100100001000 i
08
b10 '
b10 /
b1011 s
1%
#4340000
0%
#4350000
b1111011 Y
b1111011 \
b1101011000000000100000000001001101011010000100010010101101 ;
b101 7
b10101100 9
b10000100 :
b100100 $
b100100 2
b100100 j
b1011010110010000100 i
b11010110 W
b1100 s
1%
#4360000
0%
#4370000
b1000010 Y
b1101011100000000100000000001001101011010000100010010101101 ;
b1000010 \
b100100 $
b100100 2
b100100 j
b10 7
b11010110 9
b1000010 :
b11010111 W
b101101011001000010 i
b1101 s
1%
#4380000
0%
#4390000
b10110110 Y
b10110110 \
b1101100000000000100000000001001101011010000100010010101101 ;
b1 7
b1101011 9
b100001 :
b100100 $
b100100 2
b100100 j
b10110101100100001 i
b11011000 W
18
b11 '
b11 /
b1110 s
1%
#4400000
0%
#4410000
b11001000 Y
b1101100100000000100000000001001101011010000100010010101101 ;
b11001000 \
b100100 $
b100100 2
b100100 j
b1000 7
b10110101 9
b10010000 :
b11011001 W
b10001011010110010000 i
08
b10 '
b10 /
b1111 s
1%
#4420000
0%
#4430000
b10010010 Y
b10010010 \
b1101101000000000100000000001001101011010000100010010101101 ;
b100 7
b1011010 9
b11001000 :
b100100 $
b100100 2
b100100 j
b1000101101011001000 i
b11011010 W
18
b11 '
b11 /
b10000 s
1%
#4440000
0%
#4450000
b110010 Y
b1101101100000000100000000001001101011010000100010010101101 ;
b110010 \
b100100 $
b100100 2
b100100 j
b1010 7
b101101 9
b1100100 :
b11011011 W
b10100010110101100100 i
08
b10 '
b10 /
b10001 s
1%
#4460000
0%
#4470000
b1001101 Y
b1001101 \
b1101110000000000100000000001001101011010000100010010101101 ;
b101 7
b10110 9
b10110010 :
b100100 $
b100100 2
b100100 j
b1010001011010110010 i
b11011100 W
b10010 s
1%
#4480000
0%
#4490000
b1001 Y
b1101110100000000100000000001001101011010000100010010101101 ;
b1001 \
b100100 $
b100100 2
b100100 j
b10 7
b10001011 9
b1011001 :
b11011101 W
b101000101101011001 i
18
b11 '
b11 /
b10011 s
1%
#4500000
0%
#4510000
b1011001 Y
b1011001 \
b1101111000000000100000000001001101011010000100010010101101 ;
b1001 7
b1000101 9
b10101100 :
b100100 $
b100100 2
b100100 j
b10010100010110101100 i
b11011110 W
08
06
b0 '
b0 /
b10100 s
1%
#4520000
0%
#4530000
b1101111100000000100000000001001101011010000100010010101101 ;
b100100 $
b100100 2
b100100 j
b11011111 W
1A
b100 '
b100 /
1%
#4540000
0%
#4550000
b1011001 ^
b1110000000000000100000000000000101100110010100010110101100 ;
b1011001 L
b100000 $
b100000 2
b100000 j
0b
b1011001 #
b1011001 4
b1011001 J
b1001 e
b1000101 d
b10101100 c
b11100000 W
0A
b0 '
b0 /
1%
#4551000
18
16
b11 '
b11 /
b0 s
b10100100011010101111 q
b1000110 p
b10101111 o
b1010 r
b1010 *
b1010 +
b1011001 m
b1001 .
b10101100 ,
b1000101 -
b1011001 n
#4560000
0%
#4570000
b10100010 Y
b1110000100000000100000000000000101100110010100010110101100 ;
b10100010 \
b100000 $
b100000 2
b100000 j
b1100 7
b10100010 9
b11010110 :
b11100001 W
b11001010001011010110 i
b1 s
1%
#4580000
0%
#4590000
b1111111 Y
b10111100 [
b1111111 \
b1110001000000000100000000000000101100110010100010110101100 ;
b1110 7
b1010001 9
b1101011 :
b100000 $
b100000 2
b100000 j
b11100101000101101011 i
b11100010 W
b10 s
1%
#4600000
0%
#4610000
b10001101 Y
b1110001100000000100000000000000101100110010100010110101100 ;
b0 [
b10001101 \
b100000 $
b100000 2
b100000 j
b1111 7
b101000 9
b10110101 :
b11100011 W
b11110010100010110101 i
b11 s
1%
#4620000
0%
#4630000
b1111111 Y
b1111111 \
b1110010000000000100000000000000101100110010100010110101100 ;
b10010100 9
b1011010 :
b100000 $
b100000 2
b100000 j
b11111001010001011010 i
b11100100 W
08
b10 '
b10 /
b100 s
1%
#4640000
0%
#4650000
b10110 Y
b1110010100000000100000000000000101100110010100010110101100 ;
b10110 \
b100000 $
b100000 2
b100000 j
b111 7
b11001010 9
b101101 :
b11100101 W
b1111100101000101101 i
18
b11 '
b11 /
b101 s
1%
#4660000
0%
#4670000
b0 Y
b0 \
b1110011000000000100000000000000101100110010100010110101100 ;
b1011 7
b11100101 9
b10110 :
b100000 $
b100000 2
b100000 j
b10111110010100010110 i
b11100110 W
08
b10 '
b10 /
b110 s
1%
#4680000
0%
#4690000
b1110100 Y
b1110011100000000100000000000000101100110010100010110101100 ;
b1110100 \
b100000 $
b100000 2
b100000 j
b101 7
b11110010 9
b10001011 :
b11100111 W
b1011111001010001011 i
18
b11 '
b11 /
b111 s
1%
#4700000
0%
#4710000
b10100010 Y
b10100010 \
b1110100000000000100000000000000101100110010100010110101100 ;
b1010 7
b11111001 9
b1000101 :
b100000 $
b100000 2
b100000 j
b10101111100101000101 i
b11101000 W
08
b10 '
b10 /
b1000 s
1%
#4720000
0%
#4730000
b1011101 Y
b1110100100000000100000000000000101100110010100010110101100 ;
b1011101 \
b100000 $
b100000 2
b100000 j
b101 7
b1111100 9
b10100010 :
b11101001 W
b1010111110010100010 i
18
b11 '
b11 /
b1001 s
1%
#4740000
0%
#4750000
b10101000 Y
b10101000 \
b1110101000000000100000000000000101100110010100010110101100 ;
b1010 7
b10111110 9
b1010001 :
b100000 $
b100000 2
b100000 j
b10101011111001010001 i
b11101010 W
b1010 s
1%
#4760000
0%
#4770000
b1011111 Y
b1110101100000000100000000000000101100110010100010110101100 ;
b1011111 \
b100000 $
b100000 2
b100000 j
b1101 7
b1011111 9
b101000 :
b11101011 W
b11010101111100101000 i
08
b10 '
b10 /
b1011 s
1%
#4780000
0%
#4790000
b101000 Y
b101000 \
b1110110000000000100000000000000101100110010100010110101100 ;
b110 7
b10101111 9
b10010100 :
b100000 $
b100000 2
b100000 j
b1101010111110010100 i
b11101100 W
b1100 s
1%
#4800000
0%
#4810000
b11011111 Y
b1110110100000000100000000000000101100110010100010110101100 ;
b11011111 \
b100000 $
b100000 2
b100000 j
b11 7
b1010111 9
b11001010 :
b11101101 W
b110101011111001010 i
b1101 s
1%
#4820000
0%
#4830000
b111010 Y
1X
b111010 \
b1110111000000000100000000000000101100110010100010110101100 ;
b1 7
b10101011 9
b11100101 :
b100000 $
b100000 2
b100000 j
b11010101111100101 i
b11101110 W
18
b11 '
b11 /
b1110 s
1%
#4840000
0%
#4850000
b11111001 Y
b1110111100000000100000000000000101100110010100010110101100 ;
0X
b11111001 \
b100000 $
b100000 2
b100000 j
b1000 7
b11010101 9
b11110010 :
b11101111 W
b10001101010111110010 i
08
b10 '
b10 /
b1111 s
1%
#4860000
0%
#4870000
b10010011 Y
b10010011 \
b1111000000000000100000000000000101100110010100010110101100 ;
b100 7
b1101010 9
b11111001 :
b100000 $
b100000 2
b100000 j
b1000110101011111001 i
b11110000 W
b10000 s
1%
#4880000
0%
#4890000
b110100 Y
b1111000100000000100000000000000101100110010100010110101100 ;
b110100 \
b100000 $
b100000 2
b100000 j
b10 7
b110101 9
b1111100 :
b11110001 W
b100011010101111100 i
18
b11 '
b11 /
b10001 s
1%
#4900000
0%
#4910000
b1111101 Y
b1111101 \
b1111001000000000100000000000000101100110010100010110101100 ;
b1001 7
b11010 9
b10111110 :
b100000 $
b100000 2
b100000 j
b10010001101010111110 i
b11110010 W
08
b10 '
b10 /
b10010 s
1%
#4920000
0%
#4930000
b11010010 Y
b1111001100000000100000000000000101100110010100010110101100 ;
b11010010 \
b100000 $
b100000 2
b100000 j
b100 7
b10001101 9
b1011111 :
b11110011 W
b1001000110101011111 i
18
b11 '
b11 /
b10011 s
1%
#4940000
0%
#4950000
b11010111 Y
b11010111 \
b1111010000000000100000000000000101100110010100010110101100 ;
b1010 7
b1000110 9
b10101111 :
b100000 $
b100000 2
b100000 j
b10100100011010101111 i
b11110100 W
08
06
b0 '
b0 /
b10100 s
1%
#4960000
0%
#4970000
b1111010100000000100000000000000101100110010100010110101100 ;
b100000 $
b100000 2
b100000 j
b11110101 W
1A
b100 '
b100 /
1%
#4980000
0%
#4990000
b11010111 ^
b1111011000000000100000000001001101011110100100011010101111 ;
b11010111 L
b100100 $
b100100 2
b100100 j
1b
b11010111 #
b11010111 4
b11010111 J
b1010 e
b1000110 d
b10101111 c
b11110110 W
0A
b0 '
b0 /
1%
#4991000
16
b10 '
b10 /
b0 s
b10110100011110101110 q
b1000111 p
b10101110 o
b1011 r
b1011 *
b1011 +
b11010111 m
b1010 .
b10101111 ,
b1000110 -
b11010111 n
#5000000
0%
#5010000
b10101000 Y
b1111011100000000100000000001001101011110100100011010101111 ;
b10101000 \
b100100 $
b100100 2
b100100 j
b101 7
b100011 9
b1010111 :
b11110111 W
b1010010001101010111 i
18
b11 '
b11 /
b1 s
1%
#5020000
0%
#5030000
b11010101 Y
b11010101 \
b1111100000000000100000000001001101011110100100011010101111 ;
b1010 7
b10010001 9
b10101011 :
b100100 $
b100100 2
b100100 j
b10101001000110101011 i
b11111000 W
b10 s
1%
#5040000
0%
#5050000
b1111100100000000100000000001001101011110100100011010101111 ;
b11010101 \
b100100 $
b100100 2
b100100 j
b1101 7
b1001000 9
b11010101 :
b11111001 W
b11010100100011010101 i
b11 s
1%
#5060000
0%
#5070000
b1110 Y
b100001110 [
b1110 \
b1111101000000000100000000001001101011110100100011010101111 ;
b1110 7
b10100100 9
b1101010 :
b100100 $
b100100 2
b100100 j
b11101010010001101010 i
b11111010 W
08
b10 '
b10 /
b100 s
1%
#5080000
0%
#5090000
b11010 Y
b1111101100000000100000000001001101011110100100011010101111 ;
b0 [
b11010 \
b100100 $
b100100 2
b100100 j
b111 7
b1010010 9
b110101 :
b11111011 W
b1110101001000110101 i
18
b11 '
b11 /
b101 s
1%
#5100000
0%
#5110000
b0 Y
b0 \
b1111110000000000100000000001001101011110100100011010101111 ;
b1011 7
b10101001 9
b11010 :
b100100 $
b100100 2
b100100 j
b10111010100100011010 i
b11111100 W
08
b10 '
b10 /
b110 s
1%
#5120000
0%
#5130000
b1110010 Y
b1111110100000000100000000001001101011110100100011010101111 ;
b1110010 \
b100100 $
b100100 2
b100100 j
b101 7
b11010100 9
b10001101 :
b11111101 W
b1011101010010001101 i
18
b11 '
b11 /
b111 s
1%
#5140000
0%
#5150000
b100011 Y
b100011 \
b1111111000000000100000000001001101011110100100011010101111 ;
b1010 7
b11101010 9
b1000110 :
b100100 $
b100100 2
b100100 j
b10101110101001000110 i
b11111110 W
b1000 s
1%
#5160000
0%
#5170000
b1110101 Y
b1111111100000000100000000001001101011110100100011010101111 ;
b1110101 \
b100100 $
b100100 2
b100100 j
b1101 7
b1110101 9
b100011 :
b11111111 W
b11010111010100100011 i
b1001 s
1%
#5180000
0%
#5190000
b10000000 Y
b101001011 [
b10000000 \
b100000000001001101011110100100011010101111 ;
b1110 7
b10111010 9
b10010001 :
b100100 $
b100100 2
b100100 j
b11101011101010010001 i
b0 W
b1010 s
1%
#5200000
0%
#5210000
b11101011 Y
b100000000100000000001001101011110100100011010101111 ;
b0 [
b11101011 \
b100100 $
b100100 2
b100100 j
b1111 7
b1011101 9
b1001000 :
b1 W
b11110101110101001000 i
08
b10 '
b10 /
b1011 s
1%
#5220000
0%
#5230000
b1010010 Y
b1010010 \
b1000000000100000000001001101011110100100011010101111 ;
b111 7
b10101110 9
b10100100 :
b100100 $
b100100 2
b100100 j
b1111010111010100100 i
b10 W
b1100 s
1%
#5240000
0%
#5250000
b11010111 Y
b1100000000100000000001001101011110100100011010101111 ;
b11010111 \
b100100 $
b100100 2
b100100 j
b11 7
b11010111 9
b1010010 :
b11 W
b111101011101010010 i
b1101 s
1%
#5260000
0%
#5270000
b10111110 Y
b10111110 \
b10000000000100000000001001101011110100100011010101111 ;
b1 7
b11101011 9
b10101001 :
b100100 $
b100100 2
b100100 j
b11110101110101001 i
b100 W
18
b11 '
b11 /
b1110 s
1%
#5280000
0%
#5290000
b11101010 Y
b10100000000100000000001001101011110100100011010101111 ;
b11101010 \
b100100 $
b100100 2
b100100 j
b1000 7
b11110101 9
b11010100 :
b101 W
b10001111010111010100 i
08
b10 '
b10 /
b1111 s
1%
#5300000
0%
#5310000
b10010000 Y
b10010000 \
b11000000000100000000001001101011110100100011010101111 ;
b100 7
b1111010 9
b11101010 :
b100100 $
b100100 2
b100100 j
b1000111101011101010 i
b110 W
18
b11 '
b11 /
b10000 s
1%
#5320000
0%
#5330000
b10111010 Y
b11100000000100000000001001101011110100100011010101111 ;
b10111010 \
b100100 $
b100100 2
b100100 j
b1010 7
b111101 9
b1110101 :
b111 W
b10100011110101110101 i
b10001 s
1%
#5340000
0%
#5350000
b10111010 \
b100000000000100000000001001101011110100100011010101111 ;
b1101 7
b11110 9
b10111010 :
b100100 $
b100100 2
b100100 j
b11010001111010111010 i
b1000 W
08
b10 '
b10 /
b10010 s
1%
#5360000
0%
#5370000
b100100000000100000000001001101011110100100011010101111 ;
b10111010 \
b100100 $
b100100 2
b100100 j
b110 7
b10001111 9
b1011101 :
b1001 W
b1101000111101011101 i
18
b11 '
b11 /
b10011 s
1%
#5380000
0%
#5390000
b1 Y
b1 \
b101000000000100000000001001101011110100100011010101111 ;
b1011 7
b1000111 9
b10101110 :
b100100 $
b100100 2
b100100 j
b10110100011110101110 i
b1010 W
08
06
b0 '
b0 /
b10100 s
1%
#5400000
0%
#5410000
b101100000000100000000001001101011110100100011010101111 ;
b100100 $
b100100 2
b100100 j
b1011 W
1A
b100 '
b100 /
1%
#5420000
0%
#5430000
b1 ^
b110000000000100000000000000000000110110100011110101110 ;
b1 L
b100000 $
b100000 2
b100000 j
0b
b1 #
b1 4
b1 J
b1011 e
b1000111 d
b10101110 c
b1100 W
0A
b0 '
b0 /
1%
#5431000
18
16
b11 '
b11 /
b0 s
b11000100100010101001 q
b1001000 p
b10101001 o
b1100 r
b1100 *
b1100 +
b1 m
b1011 .
b10101110 ,
b1000111 -
b1 n
#5440000
0%
#5450000
b11010111 Y
b110100000000100000000000000000000110110100011110101110 ;
b11010111 \
b100000 $
b100000 2
b100000 j
b1101 7
b10100011 9
b11010111 :
b1101 W
b11011010001111010111 i
08
b10 '
b10 /
b1 s
1%
#5460000
0%
#5470000
b11010110 Y
b11010110 \
b111000000000100000000000000000000110110100011110101110 ;
b110 7
b11010001 9
b11101011 :
b100000 $
b100000 2
b100000 j
b1101101000111101011 i
b1110 W
b10 s
1%
#5480000
0%
#5490000
b11111101 Y
b111100000000100000000000000000000110110100011110101110 ;
b11111101 \
b100000 $
b100000 2
b100000 j
b11 7
b1101000 9
b11110101 :
b1111 W
b110110100011110101 i
18
b11 '
b11 /
b11 s
1%
#5500000
0%
#5510000
b11110100 Y
b11110100 \
b1000000000000100000000000000000000110110100011110101110 ;
b1001 7
b10110100 9
b1111010 :
b100000 $
b100000 2
b100000 j
b10011011010001111010 i
b10000 W
08
b10 '
b10 /
b100 s
1%
#5520000
0%
#5530000
b11100111 Y
b1000100000000100000000000000000000110110100011110101110 ;
b11100111 \
b100000 $
b100000 2
b100000 j
b100 7
b11011010 9
b111101 :
b10001 W
b1001101101000111101 i
18
b11 '
b11 /
b101 s
1%
#5540000
0%
#5550000
b1111 Y
b1111 \
b1001000000000100000000000000000000110110100011110101110 ;
b1010 7
b1101101 9
b11110 :
b100000 $
b100000 2
b100000 j
b10100110110100011110 i
b10010 W
08
b10 '
b10 /
b110 s
1%
#5560000
0%
#5570000
b1110000 Y
b1001100000000100000000000000000000110110100011110101110 ;
b1110000 \
b100000 $
b100000 2
b100000 j
b101 7
b110110 9
b10001111 :
b10011 W
b1010011011010001111 i
18
b11 '
b11 /
b111 s
1%
#5580000
0%
#5590000
b10100011 Y
b10100011 \
b1010000000000100000000000000000000110110100011110101110 ;
b1010 7
b10011011 9
b1000111 :
b100000 $
b100000 2
b100000 j
b10101001101101000111 i
b10100 W
08
b10 '
b10 /
b1000 s
1%
#5600000
0%
#5610000
b1011100 Y
b1010100000000100000000000000000000110110100011110101110 ;
b1011100 \
b100000 $
b100000 2
b100000 j
b101 7
b1001101 9
b10100011 :
b10101 W
b1010100110110100011 i
b1001 s
1%
#5620000
0%
#5630000
b10000000 Y
b10000000 \
b1011000000000100000000000000000000110110100011110101110 ;
b10 7
b10100110 9
b11010001 :
b100000 $
b100000 2
b100000 j
b101010011011010001 i
b10110 W
b1010 s
1%
#5640000
0%
#5650000
b10101 Y
b1011100000000100000000000000000000110110100011110101110 ;
1X
b10101 \
b100000 $
b100000 2
b100000 j
b1 7
b1010011 9
b1101000 :
b10111 W
b10101001101101000 i
18
b11 '
b11 /
b1011 s
1%
#5660000
0%
#5670000
b11011010 Y
0X
b11011010 \
b1100000000000100000000000000000000110110100011110101110 ;
b1000 7
b10101001 9
b10110100 :
b100000 $
b100000 2
b100000 j
b10001010100110110100 i
b11000 W
08
b10 '
b10 /
b1100 s
1%
#5680000
0%
#5690000
b10001110 Y
b1100100000000100000000000000000000110110100011110101110 ;
b10001110 \
b100000 $
b100000 2
b100000 j
b100 7
b1010100 9
b11011010 :
b11001 W
b1000101010011011010 i
b1101 s
1%
#5700000
0%
#5710000
b101000 Y
b101000 \
b1101000000000100000000000000000000110110100011110101110 ;
b10 7
b101010 9
b1101101 :
b100000 $
b100000 2
b100000 j
b100010101001101101 i
b11010 W
18
b11 '
b11 /
b1110 s
1%
#5720000
0%
#5730000
b1101100 Y
b1101100000000100000000000000000000110110100011110101110 ;
b1101100 \
b100000 $
b100000 2
b100000 j
b1001 7
b10101 9
b110110 :
b11011 W
b10010001010100110110 i
08
b10 '
b10 /
b1111 s
1%
#5740000
0%
#5750000
b10001 Y
b10001 \
b1110000000000100000000000000000000110110100011110101110 ;
b100 7
b10001010 9
b10011011 :
b100000 $
b100000 2
b100000 j
b1001000101010011011 i
b11100 W
b10000 s
1%
#5760000
0%
#5770000
b1000101 Y
b1110100000000100000000000000000000110110100011110101110 ;
b1000101 \
b100000 $
b100000 2
b100000 j
b10 7
b1000101 9
b1001101 :
b11101 W
b100100010101001101 i
b10001 s
1%
#5780000
0%
#5790000
b10000100 Y
1X
b10000100 \
b1111000000000100000000000000000000110110100011110101110 ;
b1 7
b100010 9
b10100110 :
b100000 $
b100000 2
b100000 j
b10010001010100110 i
b11110 W
18
b11 '
b11 /
b10010 s
1%
#5800000
0%
#5810000
b101001 Y
b1111100000000100000000000000000000110110100011110101110 ;
0X
b101001 \
b100000 $
b100000 2
b100000 j
b1000 7
b10010001 9
b1010011 :
b11111 W
b10001001000101010011 i
b10011 s
1%
#5820000
0%
#5830000
b1001000 Y
b1001000 \
b10000000000000100000000000000000000110110100011110101110 ;
b1100 7
b1001000 9
b10101001 :
b100000 $
b100000 2
b100000 j
b11000100100010101001 i
b100000 W
08
06
b0 '
b0 /
b10100 s
1%
#5840000
0%
#5850000
b10000100000000100000000000000000000110110100011110101110 ;
b100000 $
b100000 2
b100000 j
b100001 W
1A
b100 '
b100 /
1%
#5860000
0%
#5870000
b1001000 ^
b10001000000000100000000000000100100011000100100010101001 ;
b1001000 L
b100000 $
b100000 2
b100000 j
b1001000 #
b1001000 4
b1001000 J
b1100 e
b1001000 d
b10101001 c
b100010 W
0A
b0 '
b0 /
1%
#5871000
16
b10 '
b10 /
b0 s
b11010100100110101000 q
b1001001 p
b10101000 o
b1101 r
b1101 *
b1101 +
b1001000 m
b1100 .
b10101001 ,
b1001000 -
b1001000 n
#5880000
0%
#5890000
b10101000 Y
b10001100000000100000000000000100100011000100100010101001 ;
b10101000 \
b100000 $
b100000 2
b100000 j
b110 7
b100100 9
b1010100 :
b100011 W
b1100010010001010100 i
b1 s
1%
#5900000
0%
#5910000
b111010 Y
b111010 \
b10010000000000100000000000000100100011000100100010101001 ;
b11 7
b10010 9
b101010 :
b100000 $
b100000 2
b100000 j
b110001001000101010 i
b100100 W
b10 s
1%
#5920000
0%
#5930000
b10001100 Y
b10010100000000100000000000000100100011000100100010101001 ;
1Z
b10001100 \
b100000 $
b100000 2
b100000 j
b1 7
b10001001 9
b10101 :
b100101 W
b11000100100010101 i
18
b11 '
b11 /
b11 s
1%
#5940000
0%
#5950000
b11000101 Y
0Z
b11000101 \
b10011000000000100000000000000100100011000100100010101001 ;
b1000 7
b11000100 9
b10001010 :
b100000 $
b100000 2
b100000 j
b10001100010010001010 i
b100110 W
08
b10 '
b10 /
b100 s
1%
#5960000
0%
#5970000
b100111 Y
b10011100000000100000000000000100100011000100100010101001 ;
b100111 \
b100000 $
b100000 2
b100000 j
b100 7
b1100010 9
b1000101 :
b100111 W
b1000110001001000101 i
18
b11 '
b11 /
b101 s
1%
#5980000
0%
#5990000
b10001 Y
b10001 \
b10100000000000100000000000000100100011000100100010101001 ;
b1010 7
b110001 9
b100010 :
b100000 $
b100000 2
b100000 j
b10100011000100100010 i
b101000 W
08
b10 '
b10 /
b110 s
1%
#6000000
0%
#6010000
b1101110 Y
b10100100000000100000000000000100100011000100100010101001 ;
b1101110 \
b100000 $
b100000 2
b100000 j
b101 7
b11000 9
b10010001 :
b101001 W
b1010001100010010001 i
18
b11 '
b11 /
b111 s
1%
#6020000
0%
#6030000
b100100 Y
b100100 \
b10101000000000100000000000000100100011000100100010101001 ;
b1010 7
b10001100 9
b1001000 :
b100000 $
b100000 2
b100000 j
b10101000110001001000 i
b101010 W
b1000 s
1%
#6040000
0%
#6050000
b1000110 Y
b10101100000000100000000000000100100011000100100010101001 ;
b1000110 \
b100000 $
b100000 2
b100000 j
b1101 7
b1000110 9
b100100 :
b101011 W
b11010100011000100100 i
08
b10 '
b10 /
b1001 s
1%
#6060000
0%
#6070000
b100100 Y
b100100 \
b10110000000000100000000000000100100011000100100010101001 ;
b110 7
b10100011 9
b10010 :
b100000 $
b100000 2
b100000 j
b1101010001100010010 i
b101100 W
b1010 s
1%
#6080000
0%
#6090000
b11011001 Y
b10110100000000100000000000000100100011000100100010101001 ;
b11011001 \
b100000 $
b100000 2
b100000 j
b11 7
b1010001 9
b10001001 :
b101101 W
b110101000110001001 i
18
b11 '
b11 /
b1011 s
1%
#6100000
0%
#6110000
b10001001 Y
b10001001 \
b10111000000000100000000000000100100011000100100010101001 ;
b1001 7
b10101000 9
b11000100 :
b100000 $
b100000 2
b100000 j
b10011010100011000100 i
b101110 W
08
b10 '
b10 /
b1100 s
1%
#6120000
0%
#6130000
b10110110 Y
b10111100000000100000000000000100100011000100100010101001 ;
b10110110 \
b100000 $
b100000 2
b100000 j
b100 7
b11010100 9
b1100010 :
b101111 W
b1001101010001100010 i
b1101 s
1%
#6140000
0%
#6150000
b100000 Y
b100000 \
b11000000000000100000000000000100100011000100100010101001 ;
b10 7
b1101010 9
b110001 :
b100000 $
b100000 2
b100000 j
b100110101000110001 i
b110000 W
18
b11 '
b11 /
b1110 s
1%
#6160000
0%
#6170000
b110000 Y
b11000100000000100000000000000100100011000100100010101001 ;
b110000 \
b100000 $
b100000 2
b100000 j
b1001 7
b110101 9
b11000 :
b110001 W
b10010011010100011000 i
08
b10 '
b10 /
b1111 s
1%
#6180000
0%
#6190000
b10110 Y
b10110 \
b11001000000000100000000000000100100011000100100010101001 ;
b100 7
b10011010 9
b10001100 :
b100000 $
b100000 2
b100000 j
b1001001101010001100 i
b110010 W
18
b11 '
b11 /
b10000 s
1%
#6200000
0%
#6210000
b100011 Y
b11001100000000100000000000000100100011000100100010101001 ;
b100011 \
b100000 $
b100000 2
b100000 j
b1010 7
b1001101 9
b1000110 :
b110011 W
b10100100110101000110 i
08
b10 '
b10 /
b10001 s
1%
#6220000
0%
#6230000
b1011100 Y
b1011100 \
b11010000000000100000000000000100100011000100100010101001 ;
b101 7
b100110 9
b10100011 :
b100000 $
b100000 2
b100000 j
b1010010011010100011 i
b110100 W
18
b11 '
b11 /
b10010 s
1%
#6240000
0%
#6250000
b10101000 Y
b11010100000000100000000000000100100011000100100010101001 ;
b10101000 \
b100000 $
b100000 2
b100000 j
b1010 7
b10010011 9
b1010001 :
b110101 W
b10101001001101010001 i
b10011 s
1%
#6260000
0%
#6270000
b10101000 \
b11011000000000100000000000000100100011000100100010101001 ;
b1101 7
b1001001 9
b10101000 :
b100000 $
b100000 2
b100000 j
b11010100100110101000 i
b110110 W
08
06
b0 '
b0 /
b10100 s
1%
#6280000
0%
#6290000
b11011100000000100000000000000100100011000100100010101001 ;
b100000 $
b100000 2
b100000 j
b110111 W
1A
b100 '
b100 /
1%
#6300000
0%
#6310000
b10101000 ^
b11100000000000100000000001001010100011010100100110101000 ;
b10101000 L
b100100 $
b100100 2
b100100 j
1b
b10101000 #
b10101000 4
b10101000 J
b1101 e
b1001001 d
b10101000 c
b111000 W
0A
b0 '
b0 /
1%
#6311000
18
16
b11 '
b11 /
b0 s
b11100100101010101011 q
b1001010 p
b10101011 o
b1110 r
b1110 *
b1110 +
b10101000 m
b1101 .
b10101000 ,
b1001001 -
b10101000 n
#6320000
0%
#6330000
b10000000 Y
b11100100000000100000000001001010100011010100100110101000 ;
b101111000 [
b10000000 \
b100100 $
b100100 2
b100100 j
b1110 7
b10100100 9
b11010100 :
b111001 W
b11101010010011010100 i
b1 s
1%
#6340000
0%
#6350000
b11000 Y
b0 [
b11000 \
b11101000000000100000000001001010100011010100100110101000 ;
b1111 7
b1010010 9
b1101010 :
b100100 $
b100100 2
b100100 j
b11110101001001101010 i
b111010 W
08
b10 '
b10 /
b10 s
1%
#6360000
0%
#6370000
b11010 Y
b11101100000000100000000001001010100011010100100110101000 ;
b11010 \
b100100 $
b100100 2
b100100 j
b111 7
b10101001 9
b110101 :
b111011 W
b1111010100100110101 i
18
b11 '
b11 /
b11 s
1%
#6380000
0%
#6390000
b1 Y
b1 \
b11110000000000100000000001001010100011010100100110101000 ;
b1011 7
b11010100 9
b10011010 :
b100100 $
b100100 2
b100100 j
b10111101010010011010 i
b111100 W
08
b10 '
b10 /
b100 s
1%
#6400000
0%
#6410000
b10110010 Y
b11110100000000100000000001001010100011010100100110101000 ;
b10110010 \
b100100 $
b100100 2
b100100 j
b101 7
b11101010 9
b1001101 :
b111101 W
b1011110101001001101 i
18
b11 '
b11 /
b101 s
1%
#6420000
0%
#6430000
b10011 Y
b10011 \
b11111000000000100000000001001010100011010100100110101000 ;
b1010 7
b11110101 9
b100110 :
b100100 $
b100100 2
b100100 j
b10101111010100100110 i
b111110 W
08
b10 '
b10 /
b110 s
1%
#6440000
0%
#6450000
b1101100 Y
b11111100000000100000000001001010100011010100100110101000 ;
b1101100 \
b100100 $
b100100 2
b100100 j
b101 7
b1111010 9
b10010011 :
b111111 W
b1010111101010010011 i
18
b11 '
b11 /
b111 s
1%
#6460000
0%
#6470000
b10100100 Y
b10100100 \
b100000000000000100000000001001010100011010100100110101000 ;
b1010 7
b10111101 9
b1001001 :
b100100 $
b100100 2
b100100 j
b10101011110101001001 i
b1000000 W
08
b10 '
b10 /
b1000 s
1%
#6480000
0%
#6490000
b1011011 Y
b100000100000000100000000001001010100011010100100110101000 ;
b1011011 \
b100100 $
b100100 2
b100100 j
b101 7
b1011110 9
b10100100 :
b1000001 W
b1010101111010100100 i
18
b11 '
b11 /
b1001 s
1%
#6500000
0%
#6510000
b101001 Y
b101001 \
b100001000000000100000000001001010100011010100100110101000 ;
b1010 7
b10101111 9
b1010010 :
b100100 $
b100100 2
b100100 j
b10101010111101010010 i
b1000010 W
08
b10 '
b10 /
b1010 s
1%
#6520000
0%
#6530000
b1010110 Y
b100001100000000100000000001001010100011010100100110101000 ;
b1010110 \
b100100 $
b100100 2
b100100 j
b101 7
b1010111 9
b10101001 :
b1000011 W
b1010101011110101001 i
18
b11 '
b11 /
b1011 s
1%
#6540000
0%
#6550000
b1101010 Y
b1101010 \
b100010000000000100000000001001010100011010100100110101000 ;
b1010 7
b10101011 9
b11010100 :
b100100 $
b100100 2
b100100 j
b10101010101111010100 i
b1000100 W
08
b10 '
b10 /
b1100 s
1%
#6560000
0%
#6570000
b10101 Y
b100010100000000100000000001001010100011010100100110101000 ;
b10101 \
b100100 $
b100100 2
b100100 j
b101 7
b1010101 9
b11101010 :
b1000101 W
b1010101010111101010 i
b1101 s
1%
#6580000
0%
#6590000
b10100000 Y
b10100000 \
b100011000000000100000000001001010100011010100100110101000 ;
b10 7
b10101010 9
b11110101 :
b100100 $
b100100 2
b100100 j
b101010101011110101 i
b1000110 W
18
b11 '
b11 /
b1110 s
1%
#6600000
0%
#6610000
b11110100 Y
b100011100000000100000000001001010100011010100100110101000 ;
b11110100 \
b100100 $
b100100 2
b100100 j
b1001 7
b1010101 9
b1111010 :
b1000111 W
b10010101010101111010 i
08
b10 '
b10 /
b1111 s
1%
#6620000
0%
#6630000
b10111 Y
b10111 \
b100100000000000100000000001001010100011010100100110101000 ;
b100 7
b10101010 9
b10111101 :
b100100 $
b100100 2
b100100 j
b1001010101010111101 i
b1001000 W
b10000 s
1%
#6640000
0%
#6650000
b1010100 Y
b100100100000000100000000001001010100011010100100110101000 ;
b1010100 \
b100100 $
b100100 2
b100100 j
b10 7
b1010101 9
b1011110 :
b1001001 W
b100101010101011110 i
18
b11 '
b11 /
b10001 s
1%
#6660000
0%
#6670000
b1011111 Y
b1011111 \
b100101000000000100000000001001010100011010100100110101000 ;
b1001 7
b101010 9
b10101111 :
b100100 $
b100100 2
b100100 j
b10010010101010101111 i
b1001010 W
b10010 s
1%
#6680000
0%
#6690000
b1010111 Y
b100101100000000100000000001001010100011010100100110101000 ;
b1010111 \
b100100 $
b100100 2
b100100 j
b1100 7
b10010101 9
b1010111 :
b1001011 W
b11001001010101010111 i
b10011 s
1%
#6700000
0%
#6710000
b11110101 Y
b11110101 [
b11110101 \
b100110000000000100000000001001010100011010100100110101000 ;
b1110 7
b1001010 9
b10101011 :
b100100 $
b100100 2
b100100 j
b11100100101010101011 i
b1001100 W
08
06
b0 '
b0 /
b10100 s
1%
#6720000
0%
#6730000
b100110100000000100000000001001010100011010100100110101000 ;
b100100 $
b100100 2
b100100 j
b1001101 W
1A
b100 '
b100 /
1%
#6740000
0%
#6750000
b11110101 ^
b100111000000000100000000001001111010111100100101010101011 ;
b11110101 K
b11110101 L
b100100 $
b100100 2
b100100 j
b11110101 #
b11110101 4
b11110101 J
b1110 e
b1001010 d
b10101011 c
b1001110 W
0A
b0 '
b0 /
1%
#6751000
16
b10 '
b10 /
b0 s
b11110100101110101010 q
b1001011 p
b10101010 o
b1111 r
b1111 *
b1111 +
b11110101 m
b1110 .
b10101011 ,
b1001010 -
b11110101 n
#6760000
0%
#6770000
b101010 Y
b100111100000000100000000001001111010111100100101010101011 ;
b0 [
b101010 \
b100100 $
b100100 2
b100100 j
b111 7
b100101 9
b1010101 :
b1001111 W
b1110010010101010101 i
18
b11 '
b11 /
b1 s
1%
#6780000
0%
#6790000
b0 Y
b0 \
b101000000000000100000000001001111010111100100101010101011 ;
b1011 7
b10010010 9
b10101010 :
b100100 $
b100100 2
b100100 j
b10111001001010101010 i
b1010000 W
08
b10 '
b10 /
b10 s
1%
#6800000
0%
#6810000
b10101010 Y
b101000100000000100000000001001111010111100100101010101011 ;
b10101010 \
b100100 $
b100100 2
b100100 j
b101 7
b11001001 9
b1010101 :
b1010001 W
b1011100100101010101 i
18
b11 '
b11 /
b11 s
1%
#6820000
0%
#6830000
b1010101 Y
b1010101 \
b101001000000000100000000001001111010111100100101010101011 ;
b1010 7
b11100100 9
b10101010 :
b100100 $
b100100 2
b100100 j
b10101110010010101010 i
b1010010 W
08
b10 '
b10 /
b100 s
1%
#6840000
0%
#6850000
b10101010 Y
b101001100000000100000000001001111010111100100101010101011 ;
b10101010 \
b100100 $
b100100 2
b100100 j
b101 7
b1110010 9
b1010101 :
b1010011 W
b1010111001001010101 i
18
b11 '
b11 /
b101 s
1%
#6860000
0%
#6870000
b10101 Y
b10101 \
b101010000000000100000000001001111010111100100101010101011 ;
b1010 7
b10111001 9
b101010 :
b100100 $
b100100 2
b100100 j
b10101011100100101010 i
b1010100 W
08
b10 '
b10 /
b110 s
1%
#6880000
0%
#6890000
b1101010 Y
b101010100000000100000000001001111010111100100101010101011 ;
b1101010 \
b100100 $
b100100 2
b100100 j
b101 7
b1011100 9
b10010101 :
b1010101 W
b1010101110010010101 i
18
b11 '
b11 /
b111 s
1%
#6900000
0%
#6910000
b100101 Y
b100101 \
b101011000000000100000000001001111010111100100101010101011 ;
b1010 7
b10101110 9
b1001010 :
b100100 $
b100100 2
b100100 j
b10101010111001001010 i
b1010110 W
b1000 s
1%
#6920000
0%
#6930000
b1010111 Y
b101011100000000100000000001001111010111100100101010101011 ;
b1010111 \
b100100 $
b100100 2
b100100 j
b1101 7
b1010111 9
b100101 :
b1010111 W
b11010101011100100101 i
b1001 s
1%
#6940000
0%
#6950000
b10000000 Y
b100111101 [
b10000000 \
b101100000000000100000000001001111010111100100101010101011 ;
b1110 7
b10101011 9
b10010010 :
b100100 $
b100100 2
b100100 j
b11101010101110010010 i
b1011000 W
08
b10 '
b10 /
b1010 s
1%
#6960000
0%
#6970000
b1100100 Y
b101100100000000100000000001001111010111100100101010101011 ;
b0 [
b1100100 \
b100100 $
b100100 2
b100100 j
b111 7
b1010101 9
b11001001 :
b1011001 W
b1110101010111001001 i
18
b11 '
b11 /
b1011 s
1%
#6980000
0%
#6990000
b0 Y
b0 \
b101101000000000100000000001001111010111100100101010101011 ;
b1011 7
b10101010 9
b11100100 :
b100100 $
b100100 2
b100100 j
b10111010101011100100 i
b1011010 W
08
b10 '
b10 /
b1100 s
1%
#7000000
0%
#7010000
b10001101 Y
b101101100000000100000000001001111010111100100101010101011 ;
b10001101 \
b100100 $
b100100 2
b100100 j
b101 7
b11010101 9
b1110010 :
b1011011 W
b1011101010101110010 i
b1101 s
1%
#7020000
0%
#7030000
b10101000 Y
b10101000 \
b101110000000000100000000001001111010111100100101010101011 ;
b10 7
b11101010 9
b10111001 :
b100100 $
b100100 2
b100100 j
b101110101010111001 i
b1011100 W
18
b11 '
b11 /
b1110 s
1%
#7040000
0%
#7050000
b10111000 Y
b101110100000000100000000001001111010111100100101010101011 ;
b10111000 \
b100100 $
b100100 2
b100100 j
b1001 7
b1110101 9
b1011100 :
b1011101 W
b10010111010101011100 i
08
b10 '
b10 /
b1111 s
1%
#7060000
0%
#7070000
b10100 Y
b10100 \
b101111000000000100000000001001111010111100100101010101011 ;
b100 7
b10111010 9
b10101110 :
b100100 $
b100100 2
b100100 j
b1001011101010101110 i
b1011110 W
18
b11 '
b11 /
b10000 s
1%
#7080000
0%
#7090000
b10101011 Y
b101111100000000100000000001001111010111100100101010101011 ;
b10101011 \
b100100 $
b100100 2
b100100 j
b1010 7
b1011101 9
b1010111 :
b1011111 W
b10100101110101010111 i
b10001 s
1%
#7100000
0%
#7110000
b10101011 \
b110000000000000100000000001001111010111100100101010101011 ;
b1101 7
b101110 9
b10101011 :
b100100 $
b100100 2
b100100 j
b11010010111010101011 i
b1100000 W
b10010 s
1%
#7120000
0%
#7130000
b11101100 Y
b110000100000000100000000001001111010111100100101010101011 ;
b11101100 [
b11101100 \
b100100 $
b100100 2
b100100 j
b1110 7
b10010111 9
b1010101 :
b1100001 W
b11101001011101010101 i
b10011 s
1%
#7140000
0%
#7150000
b10000000 Y
b0 [
b10000000 \
b110001000000000100000000001001111010111100100101010101011 ;
b1111 7
b1001011 9
b10101010 :
b100100 $
b100100 2
b100100 j
b11110100101110101010 i
b1100010 W
08
06
b0 '
b0 /
b10100 s
1%
#7160000
0%
#7170000
b110001100000000100000000001001111010111100100101010101011 ;
b100100 $
b100100 2
b100100 j
b1100011 W
1A
b100 '
b100 /
1%
#7180000
0%
#7190000
b10000000 ^
b110010000000000100000000001001000000011110100101110101010 ;
b0 K
b10000000 L
b100100 $
b100100 2
b100100 j
b10000000 #
b10000000 4
b10000000 J
b1111 e
b1001011 d
b10101010 c
b1100100 W
0A
b0 '
b0 /
1%
#7191000
18
16
b11 '
b11 /
b0 s
b1100001111 q
b11 p
b1111 o
b0 r
b10000 *
b10000 +
b10000000 m
b1111 .
b10101010 ,
b1001011 -
b10000000 n
#7200000
0%
#7210000
b110000 Y
b110010100000000100000000001001000000011110100101110101010 ;
b110000 \
b100100 $
b100100 2
b100100 j
b10100101 9
b11010101 :
b1100101 W
b11111010010111010101 i
b1 s
1%
#7220000
0%
#7230000
b11000 Y
b11000 \
b110011000000000100000000001001000000011110100101110101010 ;
b11010010 9
b11101010 :
b100100 $
b100100 2
b100100 j
b11111101001011101010 i
b1100110 W
b10 s
1%
#7240000
0%
#7250000
b1111111 Y
b110011100000000100000000001001000000011110100101110101010 ;
b1111111 \
b100100 $
b100100 2
b100100 j
b11101001 9
b1110101 :
b1100111 W
b11111110100101110101 i
b11 s
1%
#7260000
0%
#7270000
b11000110 Y
b11000110 \
b110100000000000100000000001001000000011110100101110101010 ;
b11110100 9
b10111010 :
b100100 $
b100100 2
b100100 j
b11111111010010111010 i
b1101000 W
08
b10 '
b10 /
b100 s
1%
#7280000
0%
#7290000
b101110 Y
b110100100000000100000000001001000000011110100101110101010 ;
b101110 \
b100100 $
b100100 2
b100100 j
b111 7
b11111010 9
b1011101 :
b1101001 W
b1111111101001011101 i
b101 s
1%
#7300000
0%
#7310000
b11111111 Y
b11111111 \
b110101000000000100000000001001000000011110100101110101010 ;
b11 7
b11111101 9
b101110 :
b100100 $
b100100 2
b100100 j
b111111110100101110 i
b1101010 W
b110 s
1%
#7320000
0%
#7330000
b10011001 Y
b110101100000000100000000001001000000011110100101110101010 ;
b10011001 \
b100100 $
b100100 2
b100100 j
b1 7
b11111110 9
b10010111 :
b1101011 W
b11111111010010111 i
b111 s
1%
#7340000
0%
#7350000
b1001010 Y
1X
b101001010 [
b1001010 \
b110110000000000100000000001001000000011110100101110101010 ;
b0 7
b11111111 9
b1001011 :
b100100 $
b100100 2
b100100 j
b1111111101001011 i
b1101100 W
18
b11 '
b11 /
b1000 s
1%
#7360000
0%
#7370000
b11010010 Y
b110110100000000100000000001001000000011110100101110101010 ;
0X
b0 [
b11010010 \
b100100 $
b100100 2
b100100 j
b1000 7
b1111111 9
b10100101 :
b1101101 W
b10000111111110100101 i
b1001 s
1%
#7380000
0%
#7390000
b111111 Y
b111111 \
b110111000000000100000000001001000000011110100101110101010 ;
b1100 7
b111111 9
b11010010 :
b100100 $
b100100 2
b100100 j
b11000011111111010010 i
b1101110 W
08
b10 '
b10 /
b1010 s
1%
#7400000
0%
#7410000
b11010010 Y
b110111100000000100000000001001000000011110100101110101010 ;
b11010010 \
b100100 $
b100100 2
b100100 j
b110 7
b11111 9
b11101001 :
b1101111 W
b1100001111111101001 i
b1011 s
1%
#7420000
0%
#7430000
b11111111 Y
b11111111 \
b111000000000000100000000001001000000011110100101110101010 ;
b11 7
b1111 9
b11110100 :
b100100 $
b100100 2
b100100 j
b110000111111110100 i
b1110000 W
b1100 s
1%
#7440000
0%
#7450000
b1110011 Y
b111000100000000100000000001001000000011110100101110101010 ;
1X
b1110011 \
b100100 $
b100100 2
b100100 j
b1 7
b10000111 9
b11111010 :
b1110001 W
b11000011111111010 i
b1101 s
1%
#7460000
0%
#7470000
b11000000 Y
b111000000 [
1X
b11000000 \
b111001000000000100000000001001000000011110100101110101010 ;
b0 7
b11000011 9
b11111101 :
b100100 $
b100100 2
b100100 j
b1100001111111101 i
b1110010 W
b1110 s
1%
#7480000
0%
#7490000
b1011111 Y
b111001100000000100000000001001000000011110100101110101010 ;
1X
b101011111 [
b1011111 \
b100100 $
b100100 2
b100100 j
b1100001 9
b11111110 :
b1110011 W
b110000111111110 i
b1111 s
1%
#7500000
0%
#7510000
b101111 Y
1X
b100101111 [
b101111 \
b111010000000000100000000001001000000011110100101110101010 ;
b110000 9
b11111111 :
b100100 $
b100100 2
b100100 j
b11000011111111 i
b1110100 W
b10000 s
1%
#7520000
0%
#7530000
b10010111 Y
b111010100000000100000000001001000000011110100101110101010 ;
1Z
0X
b10010111 [
b10010111 \
b100100 $
b100100 2
b100100 j
b11000 9
b1111111 :
b1110101 W
b1100001111111 i
b10001 s
1%
#7540000
0%
#7550000
b1001011 Y
0Z
b1001011 [
b1001011 \
b111011000000000100000000001001000000011110100101110101010 ;
b1100 9
b111111 :
b100100 $
b100100 2
b100100 j
b110000111111 i
b1110110 W
b10010 s
1%
#7560000
0%
#7570000
b100101 Y
b111011100000000100000000001001000000011110100101110101010 ;
b100101 [
b100101 \
b100100 $
b100100 2
b100100 j
b110 9
b11111 :
b1110111 W
b11000011111 i
b10011 s
1%
#7580000
0%
#7590000
b10010 Y
b10010 [
b10010 \
b111100000000000100000000001001000000011110100101110101010 ;
b11 9
b1111 :
b100100 $
b100100 2
b100100 j
b1100001111 i
b1111000 W
06
b0 '
b0 /
b10100 s
1%
#7600000
0%
#7610000
b111100100000000100000000001001000000011110100101110101010 ;
b100100 $
b100100 2
b100100 j
b1111001 W
1A
b100 '
b100 /
1%
#7620000
0%
#7630000
b10010 ^
b111101000000000100000000000000001001000000000001100001111 ;
b10010 K
b10010 L
b100000 $
b100000 2
b100000 j
0b
b10010 #
b10010 4
b10010 J
b0 e
b11 d
b1111 c
b1111010 W
0A
b0 '
b0 /
1%
#7631000
16
b10 '
b10 /
b0 s
b10000010100001010 q
b101 p
b1010 o
b1 r
b10001 +
b10010 m
b10010 n
#7640000
0%
#7650000
b10001000 Y
b111101100000000100000000000000001001000000000001100001111 ;
b10001000 [
b10001000 \
b100000 $
b100000 2
b100000 j
b1 9
b10000111 :
b1111011 W
b110000111 i
18
b11 '
b11 /
b1 s
1%
#7660000
0%
#7670000
b11100001 Y
b0 [
b11100001 \
b111110000000000100000000000000001001000000000001100001111 ;
b1000 7
b0 9
b11000011 :
b100000 $
b100000 2
b100000 j
b10000000000011000011 i
b1111100 W
08
b10 '
b10 /
b10 s
1%
#7680000
0%
#7690000
b1100001 Y
b111110100000000100000000000000001001000000000001100001111 ;
b1100001 \
b100000 $
b100000 2
b100000 j
b100 7
b1100001 :
b1111101 W
b1000000000001100001 i
18
b11 '
b11 /
b11 s
1%
#7700000
0%
#7710000
b11000 Y
b11000 \
b111111000000000100000000000000001001000000000001100001111 ;
b1010 7
b110000 :
b100000 $
b100000 2
b100000 j
b10100000000000110000 i
b1111110 W
08
b10 '
b10 /
b100 s
1%
#7720000
0%
#7730000
b11100111 Y
b111111100000000100000000000000001001000000000001100001111 ;
b11100111 \
b100000 $
b100000 2
b100000 j
b101 7
b11000 :
b1111111 W
b1010000000000011000 i
b101 s
1%
#7740000
0%
#7750000
b0 Y
b0 \
b1000000000000000100000000000000001001000000000001100001111 ;
b10 7
b10000000 9
b1100 :
b100000 $
b100000 2
b100000 j
b101000000000001100 i
b10000000 W
b110 s
1%
#7760000
0%
#7770000
b11000110 Y
b1000000100000000100000000000000001001000000000001100001111 ;
b11000110 \
b100000 $
b100000 2
b100000 j
b1 7
b1000000 9
b110 :
b10000001 W
b10100000000000110 i
b111 s
1%
#7780000
0%
#7790000
b10100011 Y
b10100011 [
b10100011 \
b1000001000000000100000000000000001001000000000001100001111 ;
b0 7
b10100000 9
b11 :
b100000 $
b100000 2
b100000 j
b1010000000000011 i
b10000010 W
18
b11 '
b11 /
b1000 s
1%
#7800000
0%
#7810000
b0 Y
b1000001100000000100000000000000001001000000000001100001111 ;
b0 [
b0 \
b100000 $
b100000 2
b100000 j
b1000 7
b1010000 9
b1 :
b10000011 W
b10000101000000000001 i
08
b10 '
b10 /
b1001 s
1%
#7820000
0%
#7830000
b101000 Y
b101000 \
b1000010000000000100000000000000001001000000000001100001111 ;
b100 7
b101000 9
b0 :
b100000 $
b100000 2
b100000 j
b1000010100000000000 i
b10000100 W
18
b11 '
b11 /
b1010 s
1%
#7840000
0%
#7850000
b0 Y
b1000010100000000100000000000000001001000000000001100001111 ;
b0 \
b100000 $
b100000 2
b100000 j
b1010 7
b10100 9
b10000101 W
b10100001010000000000 i
08
b10 '
b10 /
b1011 s
1%
#7860000
0%
#7870000
b11111111 Y
b11111111 \
b1000011000000000100000000000000001001000000000001100001111 ;
b101 7
b1010 9
b100000 $
b100000 2
b100000 j
b1010000101000000000 i
b10000110 W
b1100 s
1%
#7880000
0%
#7890000
b0 Y
b1000011100000000100000000000000001001000000000001100001111 ;
b0 \
b100000 $
b100000 2
b100000 j
b10 7
b10000101 9
b10000111 W
b101000010100000000 i
b1101 s
1%
#7900000
0%
#7910000
b111110 Y
1Z
1X
b111110 \
b1000100000000000100000000000000001001000000000001100001111 ;
b1 7
b1000010 9
b10000000 :
b100000 $
b100000 2
b100000 j
b10100001010000000 i
b10001000 W
b1110 s
1%
#7920000
0%
#7930000
b11100001 Y
b1000100100000000100000000000000001001000000000001100001111 ;
b11100001 [
0Z
0X
b11100001 \
b100000 $
b100000 2
b100000 j
b0 7
b10100001 9
b1000000 :
b10001001 W
b1010000101000000 i
b1111 s
1%
#7940000
0%
#7950000
b11110000 Y
b11110000 [
b11110000 \
b1000101000000000100000000000000001001000000000001100001111 ;
b1010000 9
b10100000 :
b100000 $
b100000 2
b100000 j
b101000010100000 i
b10001010 W
18
b11 '
b11 /
b10000 s
1%
#7960000
0%
#7970000
b101000 Y
b1000101100000000100000000000000001001000000000001100001111 ;
b0 [
b101000 \
b100000 $
b100000 2
b100000 j
b1000 7
b101000 9
b1010000 :
b10001011 W
b10000010100001010000 i
08
b10 '
b10 /
b10001 s
1%
#7980000
0%
#7990000
b111100 Y
b111100 \
b1000110000000000100000000000000001001000000000001100001111 ;
b100 7
b10100 9
b101000 :
b100000 $
b100000 2
b100000 j
b1000001010000101000 i
b10001100 W
b10010 s
1%
#8000000
0%
#8010000
b0 Y
b1000110100000000100000000000000001001000000000001100001111 ;
b0 \
b100000 $
b100000 2
b100000 j
b10 7
b1010 9
b10100 :
b10001101 W
b100000101000010100 i
b10011 s
1%
#8020000
0%
#8030000
b101 Y
1X
b101 \
b1000111000000000100000000000000001001000000000001100001111 ;
b1 7
b101 9
b1010 :
b100000 $
b100000 2
b100000 j
b10000010100001010 i
b10001110 W
06
b0 '
b0 /
b10100 s
1%
#8040000
0%
#8050000
b1000111100000000100000000000000001001000000000001100001111 ;
b100000 $
b100000 2
b100000 j
b10001111 W
1A
b100 '
b100 /
1%
#8060000
0%
#8070000
03
b101 ^
b1001000000000000100000000000100000010100010000010100001010 ;
1H
b0 K
b101 L
b100010 $
b100010 2
b100010 j
1V
b101 #
b101 4
b101 J
b1 e
b101 d
b1010 c
b10010000 W
0A
b0 '
b0 /
1%
#8071000
18
16
b11 '
b11 /
b0 s
b101111111 q
b1 p
b1111111 o
b0 r
b10010 +
b101 m
b101 n
#8080000
0%
#8090000
b11000010 Y
b1001000100000000100000000000100000010100010000010100001010 ;
0X
b11000010 \
b100010 $
b100010 2
b100010 j
b1000 7
b10000010 9
b10000101 :
b10010001 W
b10001000001010000101 i
b1 s
1%
#8100000
0%
#8110000
b1000001 Y
b1000001 \
b1001001000000000100000000000100000010100010000010100001010 ;
b1100 7
b1000001 9
b1000010 :
b100010 $
b100010 2
b100010 j
b11000100000101000010 i
b10010010 W
b10 s
1%
#8120000
0%
#8130000
b11000001 Y
b1001001100000000100000000000100000010100010000010100001010 ;
b11000001 [
b11000001 \
b100010 $
b100010 2
b100010 j
b1110 7
b100000 9
b10100001 :
b10010011 W
b11100010000010100001 i
b11 s
1%
#8140000
0%
#8150000
b1000000 Y
b0 [
b1000000 \
b1001010000000000100000000000100000010100010000010100001010 ;
b1111 7
b10000 9
b1010000 :
b100010 $
b100010 2
b100010 j
b11110001000001010000 i
b10010100 W
b100 s
1%
#8160000
0%
#8170000
b1111111 Y
b1001010100000000100000000000100000010100010000010100001010 ;
b1111111 \
b100010 $
b100010 2
b100010 j
b10001000 9
b101000 :
b10010101 W
b11111000100000101000 i
b101 s
1%
#8180000
0%
#8190000
b1010000 Y
b1010000 \
b1001011000000000100000000000100000010100010000010100001010 ;
b11000100 9
b10100 :
b100010 $
b100010 2
b100010 j
b11111100010000010100 i
b10010110 W
b110 s
1%
#8200000
0%
#8210000
b101000 Y
b1001011100000000100000000000100000010100010000010100001010 ;
b101000 \
b100010 $
b100010 2
b100010 j
b11100010 9
b1010 :
b10010111 W
b11111110001000001010 i
08
b10 '
b10 /
b111 s
1%
#8220000
0%
#8230000
b10 Y
b10 \
b1001100000000000100000000000100000010100010000010100001010 ;
b111 7
b11110001 9
b101 :
b100010 $
b100010 2
b100010 j
b1111111000100000101 i
b10011000 W
18
b11 '
b11 /
b1000 s
1%
#8240000
0%
#8250000
b1 Y
b1001100100000000100000000000100000010100010000010100001010 ;
b1 \
b100010 $
b100010 2
b100010 j
b1011 7
b11111000 9
b10000010 :
b10011001 W
b10111111100010000010 i
08
b10 '
b10 /
b1001 s
1%
#8260000
0%
#8270000
b10111110 Y
b10111110 \
b1001101000000000100000000000100000010100010000010100001010 ;
b101 7
b11111100 9
b1000001 :
b100010 $
b100010 2
b100010 j
b1011111110001000001 i
b10011010 W
b1010 s
1%
#8280000
0%
#8290000
b100000 Y
b1001101100000000100000000000100000010100010000010100001010 ;
b100000 \
b100010 $
b100010 2
b100010 j
b10 7
b11111110 9
b100000 :
b10011011 W
b101111111000100000 i
b1011 s
1%
#8300000
0%
#8310000
b10010001 Y
b10010001 \
b1001110000000000100000000000100000010100010000010100001010 ;
b1 7
b1111111 9
b10000 :
b100010 $
b100010 2
b100010 j
b10111111100010000 i
b10011100 W
b1100 s
1%
#8320000
0%
#8330000
b1000111 Y
b1001110100000000100000000000100000010100010000010100001010 ;
1Z
1X
b101000111 [
b1000111 \
b100010 $
b100010 2
b100010 j
b0 7
b10111111 9
b10001000 :
b10011101 W
b1011111110001000 i
b1101 s
1%
#8340000
0%
#8350000
b100011 Y
0Z
1X
b100100011 [
b100011 \
b1001111000000000100000000000100000010100010000010100001010 ;
b1011111 9
b11000100 :
b100010 $
b100010 2
b100010 j
b101111111000100 i
b10011110 W
b1110 s
1%
#8360000
0%
#8370000
b10001 Y
b1001111100000000100000000000100000010100010000010100001010 ;
1X
b100010001 [
b10001 \
b100010 $
b100010 2
b100010 j
b101111 9
b11100010 :
b10011111 W
b10111111100010 i
b1111 s
1%
#8380000
0%
#8390000
b1000 Y
1X
b100001000 [
b1000 \
b1010000000000000100000000000100000010100010000010100001010 ;
b10111 9
b11110001 :
b100010 $
b100010 2
b100010 j
b1011111110001 i
b10100000 W
b10000 s
1%
#8400000
0%
#8410000
b11 Y
b1010000100000000100000000000100000010100010000010100001010 ;
1X
b100000011 [
b11 \
b100010 $
b100010 2
b100010 j
b1011 9
b11111000 :
b10100001 W
b101111111000 i
b10001 s
1%
#8420000
0%
#8430000
b1 Y
1X
b100000001 [
b1 \
b1010001000000000100000000000100000010100010000010100001010 ;
b101 9
b11111100 :
b100010 $
b100010 2
b100010 j
b10111111100 i
b10100010 W
b10010 s
1%
#8440000
0%
#8450000
b0 Y
b1010001100000000100000000000100000010100010000010100001010 ;
1X
b100000000 [
b0 \
b100010 $
b100010 2
b100010 j
b10 9
b11111110 :
b10100011 W
b1011111110 i
b10011 s
1%
#8460000
0%
#8470000
b10000000 Y
1Z
b10000000 \
0X
b10000000 [
b1010010000000000100000000000100000010100010000010100001010 ;
b1 9
b1111111 :
b100010 $
b100010 2
b100010 j
b101111111 i
b10100100 W
06
b0 '
b0 /
b10100 s
1%
#8480000
0%
#8490000
b1010010100000000100000000000100000010100010000010100001010 ;
b100010 $
b100010 2
b100010 j
b10100101 W
1A
b100 '
b100 /
1%
#8500000
0%
#8510000
b10000000 ^
b1010011000000000100000000011001000000000000000000101111111 ;
1I
b10000000 K
0H
b10000000 L
b101100 $
b101100 2
b101100 j
1f
0V
1b
b10000000 #
b10000000 4
b10000000 J
b0 e
b1 d
b1111111 c
b10100110 W
0A
b0 '
b0 /
1%
#8511000
18
16
b11 '
b11 /
b0 s
b111111111 q
b11111111 o
b10011 +
#8520000
0%
#8530000
b11011111 Y
b1010011100000000100000000011001000000000000000000101111111 ;
0Z
b0 [
b11011111 \
b101100 $
b101100 2
b101100 j
b1000 7
b0 9
b10111111 :
b10100111 W
b10000000000010111111 i
b1 s
1%
#8540000
0%
#8550000
b0 Y
b0 \
b1010100000000000100000000011001000000000000000000101111111 ;
b1100 7
b1011111 :
b101100 $
b101100 2
b101100 j
b11000000000001011111 i
b10101000 W
b10 s
1%
#8560000
0%
#8570000
b101111 Y
b1010100100000000100000000011001000000000000000000101111111 ;
b101111 \
b101111 [
b101100 $
b101100 2
b101100 j
b1110 7
b101111 :
b10101001 W
b11100000000000101111 i
b11 s
1%
#8580000
0%
#8590000
b10111 Y
b0 [
b10111 \
b1010101000000000100000000011001000000000000000000101111111 ;
b1111 7
b10111 :
b101100 $
b101100 2
b101100 j
b11110000000000010111 i
b10101010 W
b100 s
1%
#8600000
0%
#8610000
b1111111 Y
b1010101100000000100000000011001000000000000000000101111111 ;
b1111111 \
b101100 $
b101100 2
b101100 j
b10000000 9
b1011 :
b10101011 W
b11111000000000001011 i
b101 s
1%
#8620000
0%
#8630000
b1000101 Y
b1000101 \
b1010110000000000100000000011001000000000000000000101111111 ;
b11000000 9
b101 :
b101100 $
b101100 2
b101100 j
b11111100000000000101 i
b10101100 W
b110 s
1%
#8640000
0%
#8650000
b100010 Y
b1010110100000000100000000011001000000000000000000101111111 ;
b100010 \
b101100 $
b101100 2
b101100 j
b11100000 9
b10 :
b10101101 W
b11111110000000000010 i
b111 s
1%
#8660000
0%
#8670000
b10001 Y
b10001 \
b1010111000000000100000000011001000000000000000000101111111 ;
b11110000 9
b1 :
b101100 $
b101100 2
b101100 j
b11111111000000000001 i
b10101110 W
b1000 s
1%
#8680000
0%
#8690000
b1000 Y
b1010111100000000100000000011001000000000000000000101111111 ;
b1000 \
b101100 $
b101100 2
b101100 j
b11111000 9
b0 :
b10101111 W
b11111111100000000000 i
08
b10 '
b10 /
b1001 s
1%
#8700000
0%
#8710000
b0 Y
b0 \
b1011000000000000100000000011001000000000000000000101111111 ;
b111 7
b11111100 9
b101100 $
b101100 2
b101100 j
b1111111110000000000 i
b10110000 W
b1010 s
1%
#8720000
0%
#8730000
b11111110 Y
b1011000100000000100000000011001000000000000000000101111111 ;
b11111110 \
b101100 $
b101100 2
b101100 j
b11 7
b11111110 9
b10110001 W
b111111111000000000 i
b1011 s
1%
#8740000
0%
#8750000
b1 Y
b1 \
b1011001000000000100000000011001000000000000000000101111111 ;
b1 7
b11111111 9
b101100 $
b101100 2
b101100 j
b11111111100000000 i
b10110010 W
b1100 s
1%
#8760000
0%
#8770000
b1111111 Y
b1011001100000000100000000011001000000000000000000101111111 ;
1Z
1X
b101111111 [
b1111111 \
b101100 $
b101100 2
b101100 j
b0 7
b10000000 :
b10110011 W
b1111111110000000 i
b1101 s
1%
#8780000
0%
#8790000
b111111 Y
0Z
1X
b100111111 [
b111111 \
b1011010000000000100000000011001000000000000000000101111111 ;
b1111111 9
b11000000 :
b101100 $
b101100 2
b101100 j
b111111111000000 i
b10110100 W
b1110 s
1%
#8800000
0%
#8810000
b11111 Y
b1011010100000000100000000011001000000000000000000101111111 ;
1X
b100011111 [
b11111 \
b101100 $
b101100 2
b101100 j
b111111 9
b11100000 :
b10110101 W
b11111111100000 i
b1111 s
1%
#8820000
0%
#8830000
b1111 Y
1X
b100001111 [
b1111 \
b1011011000000000100000000011001000000000000000000101111111 ;
b11111 9
b11110000 :
b101100 $
b101100 2
b101100 j
b1111111110000 i
b10110110 W
b10000 s
1%
#8840000
0%
#8850000
b111 Y
b1011011100000000100000000011001000000000000000000101111111 ;
1X
b100000111 [
b111 \
b101100 $
b101100 2
b101100 j
b1111 9
b11111000 :
b10110111 W
b111111111000 i
b10001 s
1%
#8860000
0%
#8870000
b11 Y
1X
b100000011 [
b11 \
b1011100000000000100000000011001000000000000000000101111111 ;
b111 9
b11111100 :
b101100 $
b101100 2
b101100 j
b11111111100 i
b10111000 W
b10010 s
1%
#8880000
0%
#8890000
b1 Y
b1011100100000000100000000011001000000000000000000101111111 ;
1X
b100000001 [
b1 \
b101100 $
b101100 2
b101100 j
b11 9
b11111110 :
b10111001 W
b1111111110 i
b10011 s
1%
#8900000
0%
#8910000
b0 Y
1X
b100000000 [
b0 \
b1011101000000000100000000011001000000000000000000101111111 ;
b1 9
b11111111 :
b101100 $
b101100 2
b101100 j
b111111111 i
b10111010 W
06
b0 '
b0 /
b10100 s
1%
#8920000
0%
#8930000
b1011101100000000100000000011001000000000000000000101111111 ;
b101100 $
b101100 2
b101100 j
b10111011 W
1A
b100 '
b100 /
1%
#8940000
0%
#8950000
03
b0 ^
b1011110000000000100000000000110000000000000000000111111111 ;
1H
0I
b100000000 K
b0 L
b100011 $
b100011 2
b100011 j
0f
1V
0b
1l
b0 #
b0 4
b0 J
b11111111 c
b10111100 W
0A
b0 '
b0 /
1%
#8951000
b1 a
1C
b1 R
b1 Y
b1 ^
1?
b1 >
b11 (
b11 0
b10100 +
#8952000
16
b10 '
b10 /
b0 s
b1000000010 q
b10 p
b10 o
#8960000
0%
#8970000
b11111111 Y
b1011110100000000100000000000110000000000000000000111111111 ;
b11111111 \
0X
b11111111 [
b100011 $
b100011 2
b100011 j
b0 9
b10111101 W
b11111111 i
18
b11 '
b11 /
b1 s
1%
#8980000
0%
#8990000
b111111 Y
b0 [
b111111 \
b1011111000000000100000000000110000000000000000000111111111 ;
b1000 7
b1111111 :
b100011 $
b100011 2
b100011 j
b10000000000001111111 i
b10111110 W
08
b10 '
b10 /
b10 s
1%
#9000000
0%
#9010000
b1011111100000000100000000000110000000000000000000111111111 ;
b111111 \
b100011 $
b100011 2
b100011 j
b100 7
b111111 :
b10111111 W
b1000000000000111111 i
b11 s
1%
#9020000
0%
#9030000
b1 Y
b0 \
b1100000000000000100000000000110000000000000000000111111111 ;
b10 7
b11111 :
b100011 $
b100011 2
b100011 j
b100000000000011111 i
b11000000 W
b100 s
1%
#9040000
0%
#9050000
b1111 Y
b1100000100000000100000000000110000000000000000000111111111 ;
1X
b1111 \
b100011 $
b100011 2
b100011 j
b1 7
b1111 :
b11000001 W
b10000000000001111 i
b101 s
1%
#9060000
0%
#9070000
b10000111 Y
b10000111 [
0X
b10000111 \
b1100001000000000100000000000110000000000000000000111111111 ;
b0 7
b10000000 9
b111 :
b100011 $
b100011 2
b100011 j
b1000000000000111 i
b11000010 W
b110 s
1%
#9080000
0%
#9090000
b1000011 Y
b1100001100000000100000000000110000000000000000000111111111 ;
b1000011 [
b1000011 \
b100011 $
b100011 2
b100011 j
b1000000 9
b11 :
b11000011 W
b100000000000011 i
b111 s
1%
#9100000
0%
#9110000
b100001 Y
b100001 [
b100001 \
b1100010000000000100000000000110000000000000000000111111111 ;
b100000 9
b1 :
b100011 $
b100011 2
b100011 j
b10000000000001 i
b11000100 W
b1000 s
1%
#9120000
0%
#9130000
b10001 Y
b1100010100000000100000000000110000000000000000000111111111 ;
b10000 [
b10000 \
b100011 $
b100011 2
b100011 j
b10000 9
b0 :
b11000101 W
b1000000000000 i
18
b11 '
b11 /
b1001 s
1%
#9140000
0%
#9150000
b1 Y
b0 [
b0 \
b1100011000000000100000000000110000000000000000000111111111 ;
b1000 7
b1000 9
b100011 $
b100011 2
b100011 j
b10000000100000000000 i
b11000110 W
08
b10 '
b10 /
b1010 s
1%
#9160000
0%
#9170000
b101 Y
b1100011100000000100000000000110000000000000000000111111111 ;
b100 \
b100011 $
b100011 2
b100011 j
b100 7
b100 9
b11000111 W
b1000000010000000000 i
b1011 s
1%
#9180000
0%
#9190000
b1 Y
b0 \
b1100100000000000100000000000110000000000000000000111111111 ;
b10 7
b10 9
b100011 $
b100011 2
b100011 j
b100000001000000000 i
b11001000 W
b1100 s
1%
#9200000
0%
#9210000
b11111111 Y
b1100100100000000100000000000110000000000000000000111111111 ;
b11111111 \
b100011 $
b100011 2
b100011 j
b1 7
b1 9
b11001001 W
b10000000100000000 i
b1101 s
1%
#9220000
0%
#9230000
b1 Y
1Z
1X
b100000000 [
b0 \
b1100101000000000100000000000110000000000000000000111111111 ;
b0 7
b10000000 9
b10000000 :
b100011 $
b100011 2
b100011 j
b1000000010000000 i
b11001010 W
b1110 s
1%
#9240000
0%
#9250000
b10000001 Y
b1100101100000000100000000000110000000000000000000111111111 ;
b10000000 \
1Z
0X
b10000000 [
b100011 $
b100011 2
b100011 j
b1000000 9
b1000000 :
b11001011 W
b100000001000000 i
b1111 s
1%
#9260000
0%
#9270000
b1000001 Y
0Z
b1000000 [
b1000000 \
b1100110000000000100000000000110000000000000000000111111111 ;
b100000 9
b100000 :
b100011 $
b100011 2
b100011 j
b10000000100000 i
b11001100 W
b10000 s
1%
#9280000
0%
#9290000
b100001 Y
b1100110100000000100000000000110000000000000000000111111111 ;
b100000 [
b100000 \
b100011 $
b100011 2
b100011 j
b10000 9
b10000 :
b11001101 W
b1000000010000 i
b10001 s
1%
#9300000
0%
#9310000
b10001 Y
b10000 [
b10000 \
b1100111000000000100000000000110000000000000000000111111111 ;
b1000 9
b1000 :
b100011 $
b100011 2
b100011 j
b100000001000 i
b11001110 W
b10010 s
1%
#9320000
0%
#9330000
b1001 Y
b1100111100000000100000000000110000000000000000000111111111 ;
b1000 [
b1000 \
b100011 $
b100011 2
b100011 j
b100 9
b100 :
b11001111 W
b10000000100 i
b10011 s
1%
#9340000
0%
#9350000
b101 Y
b100 [
b100 \
b1101000000000000100000000000110000000000000000000111111111 ;
b10 9
b10 :
b100011 $
b100011 2
b100011 j
b1000000010 i
b11010000 W
06
b0 '
b0 /
b10100 s
1%
#9360000
0%
#9370000
b1101000100000000100000000000110000000000000000000111111111 ;
b100011 $
b100011 2
b100011 j
b11010001 W
1A
b100 '
b100 /
1%
#9380000
0%
#9390000
13
b101 ^
b1101001000000000100000000000000000010100000000001000000010 ;
b100 L
0H
b100 K
b100000 $
b100000 2
b100000 j
0V
0l
b101 #
b101 4
b101 J
b10 d
b10 c
b11010010 W
0A
b0 '
b0 /
1%
#9391000
b0 a
0C
b0 R
b100 Y
b100 ^
0?
b0 >
b0 (
b0 0
b10101 +
#9392000
1B
b10000000 '
b10000000 /
#9400000
0%
#9410000
b1101001100000000100000000000000000010100000000001000000010 ;
b100000 $
b100000 2
b100000 j
b11010011 W
b1 U
0B
b0 *
b0 '
b0 /
1%
#9420000
0%
#9430000
b11110001 a
b11110001 R
b1101010000000000100000000000000000010100000000001000000010 ;
0C
b11110001 P
b100000 $
b100000 2
b100000 j
b10 U
b1 S
b10000 N
b1 M
b11010100 W
b1 *
1%
#9440000
0%
#9450000
b1101010100000000101111000100000000010100000000001000000010 ;
b100000 $
b100000 2
b100000 j
b10010 a
b11010101 W
b1 U
b1 T
b10 _
b11110001 `
b10 *
1%
#9460000
0%
#9470000
b11100011 a
b0 R
b1101011000000000101111000100000000010100000000001000000010 ;
0C
b0 P
b100000 $
b100000 2
b100000 j
b10 U
b10 S
b100000 N
b10 M
b11010110 W
b11 *
1%
#9480000
0%
#9490000
b1101011100000000101110001100000000010100000000001000000010 ;
b100000 $
b100000 2
b100000 j
b11000111 a
b11010111 W
b1 U
b10 T
b100 _
b11100011 `
b100 *
1%
#9500000
0%
#9510000
b10000011 a
b1000100 R
b1101100000000000101110001100000000010100000000001000000010 ;
0C
b1000100 P
b100000 $
b100000 2
b100000 j
b10 U
b100 S
b1000000 N
b100 M
b11011000 W
b101 *
1%
#9520000
0%
#9530000
b1101100100000000101000001100000000010100000000001000000010 ;
b100000 $
b100000 2
b100000 j
b1000011 a
b11011001 W
b1 U
b11 T
b1000 _
b10000011 `
b110 *
1%
#9540000
0%
#9550000
b11 a
b100 R
b1101101000000000101000001100000000010100000000001000000010 ;
0C
b100 P
b100000 $
b100000 2
b100000 j
b10 U
b1000 S
b10000000 N
b1000 M
b11011010 W
b111 *
1%
#9560000
0%
#9570000
b1101101100000000100000001100000000010100000000001000000010 ;
b100000 $
b100000 2
b100000 j
b10 a
b11011011 W
b1 U
b100 T
b10001 _
b11 `
b1000 *
1%
#9580000
0%
#9590000
b110 a
b0 R
b1101110000000000100000001100000000010100000000001000000010 ;
0C
b0 P
b100000 $
b100000 2
b100000 j
b10 U
b1 S
b10001 N
b10001 M
b11011100 W
b1001 *
1%
#9600000
0%
#9610000
b1101110100000000100000011000000000010100000000001000000010 ;
b100000 $
b100000 2
b100000 j
b1100 a
b11011101 W
b1 U
b101 T
b100011 _
b110 `
b1010 *
1%
#9620000
0%
#9630000
b111111 a
b110011 R
b1101111000000000100000011000000000010100000000001000000010 ;
0C
b110011 P
b100000 $
b100000 2
b100000 j
b10 U
b11 S
b110010 N
b100011 M
b11011110 W
b1011 *
1%
#9640000
0%
#9650000
b1101111100000000100011111100000000010100000000001000000010 ;
b100000 $
b100000 2
b100000 j
b1001101 a
b11011111 W
b1 U
b110 T
b1000111 _
b111111 `
b1100 *
1%
#9660000
0%
#9670000
b1011101 a
b100011 R
b1110000000000000100011111100000000010100000000001000000010 ;
0C
b100011 P
b100000 $
b100000 2
b100000 j
b10 U
b111 S
b1110100 N
b1000111 M
b11100000 W
b1101 *
1%
#9680000
0%
#9690000
b1110000100000000100101110100000000010100000000001000000010 ;
b100000 $
b100000 2
b100000 j
b10011001 a
b11100001 W
b1 U
b111 T
b10001110 _
b1011101 `
b1110 *
1%
#9700000
0%
#9710000
b11001100 a
b1110110 R
b1110001000000000100101110100000000010100000000001000000010 ;
0C
b1110110 P
b100000 $
b100000 2
b100000 j
b10 U
b1110 S
b11101000 N
b10001110 M
b11100010 W
b1111 *
1%
#9720000
0%
#9730000
b1110001100000000101100110000000000010100000000001000000010 ;
b100000 $
b100000 2
b100000 j
b11101111 a
b11100011 W
b1 U
b1000 T
b11100 _
b11001100 `
b10000 *
1%
#9740000
0%
#9750000
b10000101 a
b11100 R
b1110010000000000101100110000000000010100000000001000000010 ;
0C
b11100 P
b100000 $
b100000 2
b100000 j
b10 U
b1100 S
b11000001 N
b11100 M
b11100100 W
b10001 *
1%
#9760000
0%
#9770000
b1110010100000000101000010100000000010100000000001000000010 ;
b100000 $
b100000 2
b100000 j
b10111 a
b11100101 W
b1 U
b1001 T
b111000 _
b10000101 `
b10010 *
1%
#9780000
0%
#9790000
b1110011000000000101000010100000000010100000000001000000010 ;
0C
b11100 P
b100000 $
b100000 2
b100000 j
b10 U
b1000 S
b10000011 N
b111000 M
b11100110 W
b10011 *
1%
#9800000
0%
#9810000
b1110011100000000100001011100000000010100000000001000000010 ;
b100000 $
b100000 2
b100000 j
b110010 a
b11100111 W
b1 U
b1010 T
b1110001 _
b10111 `
b10100 *
1%
#9820000
0%
#9830000
b1110100 a
b1011010 R
b1110100000000000100001011100000000010100000000001000000010 ;
0C
b1011010 P
b100000 $
b100000 2
b100000 j
b10 U
b1 S
b10111 N
b1110001 M
b11101000 W
b10101 *
1%
#9840000
0%
#9850000
b1110100100000000100111010000000000010100000000001000000010 ;
b100000 $
b100000 2
b100000 j
b10110010 a
b11101001 W
b1 U
b1011 T
b11100010 _
b1110100 `
b10110 *
1%
#9860000
0%
#9870000
b11001010 a
b100010 R
b1110101000000000100111010000000000010100000000001000000010 ;
0C
b100010 P
b100000 $
b100000 2
b100000 j
b10 U
b10 S
b101110 N
b11100010 M
b11101010 W
b10111 *
1%
#9880000
0%
#9890000
b1110101100000000101100101000000000010100000000001000000010 ;
b100000 $
b100000 2
b100000 j
b10110111 a
b11101011 W
b1 U
b1100 T
b11000100 _
b11001010 `
b11000 *
1%
#9900000
0%
#9910000
b11101 a
b10001000 R
b1110110000000000101100101000000000010100000000001000000010 ;
0C
b10001000 P
b100000 $
b100000 2
b100000 j
b10 U
b100 S
b1001100 N
b11000100 M
b11101100 W
b11001 *
1%
#9920000
0%
#9930000
b1110110100000000100001110100000000010100000000001000000010 ;
b100000 $
b100000 2
b100000 j
b10110010 a
b11101101 W
b1 U
b1101 T
b10001001 _
b11101 `
b11010 *
1%
#9940000
0%
#9950000
b101001 a
b10011 R
b1110111000000000100001110100000000010100000000001000000010 ;
0C
b10011 P
b100000 $
b100000 2
b100000 j
b10 U
b1001 S
b10011000 N
b10001001 M
b11101110 W
b11011 *
1%
#9960000
0%
#9970000
b1110111100000000100010100100000000010100000000001000000010 ;
b100000 $
b100000 2
b100000 j
b1000001 a
b11101111 W
b1 U
b1110 T
b10010 _
b101001 `
b11100 *
1%
#9980000
0%
#9990000
b1010010 a
b0 R
b1111000000000000100010100100000000010100000000001000000010 ;
0C
b0 P
b100000 $
b100000 2
b100000 j
b10 U
b10 S
b100001 N
b10010 M
b11110000 W
b11101 *
1%
#10000000
0%
#10010000
b1111000100000000100101001000000000010100000000001000000010 ;
b100000 $
b100000 2
b100000 j
b10100100 a
b11110001 W
b1 U
b1111 T
b100101 _
b1010010 `
b11110 *
1%
#10020000
0%
#10030000
b1111110 a
b11011010 R
b1111001000000000100101001000000000010100000000001000000010 ;
0C
b11011010 P
b100000 $
b100000 2
b100000 j
b10 U
b101 S
b1010010 N
b100101 M
b11110010 W
b11111 *
1%
#10040000
0%
#10050000
b1111001100000000100111111000000000010100000000001000000010 ;
b100000 $
b100000 2
b100000 j
b100110 a
b11110011 W
b1 U
b10000 T
b1001011 _
b1111110 `
b100000 *
1%
#10060000
0%
#10070000
b11111100 a
b0 R
b1111010000000000100111111000000000010100000000001000000010 ;
0C
b0 P
b100000 $
b100000 2
b100000 j
b10 U
b1011 S
b10110100 N
b1001011 M
b11110100 W
b100001 *
1%
#10080000
0%
#10090000
b1111010100000000101111110000000000010100000000001000000010 ;
b100000 $
b100000 2
b100000 j
b11111001 a
b11110101 W
b1 U
b10001 T
b10010111 _
b11111100 `
b100010 *
1%
#10100000
0%
#10110000
b10110010 a
b1001011 R
b1111011000000000101111110000000000010100000000001000000010 ;
0C
b1001011 P
b100000 $
b100000 2
b100000 j
b10 U
b111 S
b1111001 N
b10010111 M
b11110110 W
b100011 *
1%
#10120000
0%
#10130000
b1111011100000000101011001000000000010100000000001000000010 ;
b100000 $
b100000 2
b100000 j
b101110 a
b11110111 W
b1 U
b10010 T
b101110 _
b10110010 `
b100100 *
1%
#10140000
0%
#10150000
b1110101 a
b10000 R
b1111100000000000101011001000000000010100000000001000000010 ;
0C
b10000 P
b100000 $
b100000 2
b100000 j
b10 U
b1110 S
b11100010 N
b101110 M
b11111000 W
b100101 *
1%
#10160000
0%
#10170000
b1111100100000000100111010100000000010100000000001000000010 ;
b100000 $
b100000 2
b100000 j
b11111010 a
b11111001 W
b1 U
b10011 T
b1011100 _
b1110101 `
b100110 *
1%
#10180000
0%
#10190000
b10110110 a
b1011100 R
b1111101000000000100111010100000000010100000000001000000010 ;
0C
b1011100 P
b100000 $
b100000 2
b100000 j
b10 U
b1100 S
b11000101 N
b1011100 M
b11111010 W
b100111 *
1%
#10200000
0%
#10210000
b1111101100000000101011011000000000010100000000001000000010 ;
b100000 $
b100000 2
b100000 j
b110001 a
b11111011 W
b1 U
b10100 T
b10111000 _
b10110110 `
b101000 *
1%
#10220000
0%
#10230000
b10110001 a
b11011100 R
b1111110000000000101011011000000000010100000000001000000010 ;
0C
b11011100 P
b100000 $
b100000 2
b100000 j
b10 U
b1000 S
b10001011 N
b10111000 M
b11111100 W
b101001 *
1%
#10240000
0%
#10250000
b1111110100000000101011000100000000010100000000001000000010 ;
b100000 $
b100000 2
b100000 j
b10111111 a
b11111101 W
b1 U
b10101 T
b1110000 _
b10110001 `
b101010 *
1%
#10260000
0%
#10270000
b10100 a
b1110111 R
b1111111000000000101011000100000000010100000000001000000010 ;
0C
b1110111 P
b100000 $
b100000 2
b100000 j
b10 U
b0 S
b111 N
b1110000 M
b11111110 W
b101011 *
1%
#10280000
0%
#10290000
b1111111100000000100001010000000000010100000000001000000010 ;
b100000 $
b100000 2
b100000 j
b1011111 a
b11111111 W
b1 U
b10110 T
b11100000 _
b10100 `
b101100 *
1%
#10300000
0%
#10310000
b11000110 a
b11101110 R
b100001010000000000010100000000001000000010 ;
0C
b11101110 P
b100000 $
b100000 2
b100000 j
b10 U
b1110 N
b11100000 M
b0 W
b101101 *
1%
#10320000
0%
#10330000
b100000000101100011000000000010100000000001000000010 ;
b100000 $
b100000 2
b100000 j
b1100011 a
b1 W
b1 U
b10111 T
b11000000 _
b11000110 `
b101110 *
1%
#10340000
0%
#10350000
b1000001 a
b11001100 R
b1000000000101100011000000000010100000000001000000010 ;
0C
b11001100 P
b100000 $
b100000 2
b100000 j
b10 U
b1100 N
b11000000 M
b10 W
b101111 *
1%
#10360000
0%
#10370000
b1100000000100100000100000000010100000000001000000010 ;
b100000 $
b100000 2
b100000 j
b1001110 a
b11 W
b1 U
b11000 T
b10000001 _
b1000001 `
b110000 *
1%
#10380000
0%
#10390000
b11101011 a
b1101001 R
b10000000000100100000100000000010100000000001000000010 ;
0C
b1101001 P
b100000 $
b100000 2
b100000 j
b10 U
b1 S
b11000 N
b10000001 M
b100 W
b110001 *
1%
#10400000
0%
#10410000
b10100000000101110101100000000010100000000001000000010 ;
b100000 $
b100000 2
b100000 j
b10111110 a
b101 W
b1 U
b11001 T
b11 _
b11101011 `
b110010 *
1%
#10420000
0%
#10430000
b11100100 a
b110011 R
b11000000000101110101100000000010100000000001000000010 ;
0C
b110011 P
b100000 $
b100000 2
b100000 j
b10 U
b11 S
b110000 N
b11 M
b110 W
b110011 *
1%
#10440000
0%
#10450000
b11100000000101110010000000000010100000000001000000010 ;
b100000 $
b100000 2
b100000 j
b11111010 a
b111 W
b1 U
b11010 T
b110 _
b11100100 `
b110100 *
1%
#10460000
0%
#10470000
b11000101 a
b1100 R
b100000000000101110010000000000010100000000001000000010 ;
0C
b1100 P
b100000 $
b100000 2
b100000 j
b10 U
b110 S
b1100000 N
b110 M
b1000 W
b110101 *
1%
#10480000
0%
#10490000
b100100000000101100010100000000010100000000001000000010 ;
b100000 $
b100000 2
b100000 j
b10000111 a
b1001 W
b1 U
b11011 T
b1100 _
b11000101 `
b110110 *
1%
#10500000
0%
#10510000
b101000000000101100010100000000010100000000001000000010 ;
0C
b1100 P
b100000 $
b100000 2
b100000 j
b10 U
b1100 S
b11000000 N
b1100 M
b1010 W
b110111 *
1%
#10520000
0%
#10530000
b101100000000101000011100000000010100000000001000000010 ;
b100000 $
b100000 2
b100000 j
b11 a
b1011 W
b1 U
b11100 T
b11001 _
b10000111 `
b111000 *
1%
#10540000
0%
#10550000
b111101 a
b110010 R
b110000000000101000011100000000010100000000001000000010 ;
0C
b110010 P
b100000 $
b100000 2
b100000 j
b10 U
b1001 S
b10010001 N
b11001 M
b1100 W
b111001 *
1%
#10560000
0%
#10570000
b110100000000100011110100000000010100000000001000000010 ;
b100000 $
b100000 2
b100000 j
b1001000 a
b1101 W
b1 U
b11101 T
b110010 _
b111101 `
b111010 *
1%
#10580000
0%
#10590000
b1011000 a
b100010 R
b111000000000100011110100000000010100000000001000000010 ;
0C
b100010 P
b100000 $
b100000 2
b100000 j
b10 U
b10 S
b100011 N
b110010 M
b1110 W
b111011 *
1%
#10600000
0%
#10610000
b111100000000100101100000000000010100000000001000000010 ;
b100000 $
b100000 2
b100000 j
b10010010 a
b1111 W
b1 U
b11110 T
b1100100 _
b1011000 `
b111100 *
1%
#10620000
0%
#10630000
b1000000000000100101100000000000010100000000001000000010 ;
0C
b100010 P
b100000 $
b100000 2
b100000 j
b10 U
b100 S
b1000110 N
b1100100 M
b10000 W
b111101 *
1%
#10640000
0%
#10650000
b1000100000000101001001000000000010100000000001000000010 ;
b100000 $
b100000 2
b100000 j
b111 a
b10001 W
b1 U
b11111 T
b11001001 _
b10010010 `
b111110 *
1%
#10660000
0%
#10670000
b10110110 a
b10010011 R
b1001000000000101001001000000000010100000000001000000010 ;
0C
b10010011 P
b100000 $
b100000 2
b100000 j
b10 U
b1001 S
b10011100 N
b11001001 M
b10010 W
b111111 *
1%
#10680000
0%
#10690000
b1001100000000101011011000000000010100000000001000000010 ;
b100000 $
b100000 2
b100000 j
b11111110 a
b10011 W
b1 U
b100000 T
b10010010 _
b10110110 `
b1000000 *
1%
#10700000
0%
#10710000
b1101101 a
b0 R
b1010000000000101011011000000000010100000000001000000010 ;
0C
b0 P
b100000 $
b100000 2
b100000 j
b10 U
b10 S
b101001 N
b10010010 M
b10100 W
b1000001 *
1%
#10720000
0%
#10730000
b1010100000000100110110100000000010100000000001000000010 ;
b100000 $
b100000 2
b100000 j
b11011010 a
b10101 W
b1 U
b100001 T
b100100 _
b1101101 `
b1000010 *
1%
#10740000
0%
#10750000
b10111100 a
b1100110 R
b1011000000000100110110100000000010100000000001000000010 ;
0C
b1100110 P
b100000 $
b100000 2
b100000 j
b10 U
b100 S
b1000010 N
b100100 M
b10110 W
b1000011 *
1%
#10760000
0%
#10770000
b1011100000000101011110000000000010100000000001000000010 ;
b100000 $
b100000 2
b100000 j
b11111 a
b10111 W
b1 U
b100010 T
b1001001 _
b10111100 `
b1000100 *
1%
#10780000
0%
#10790000
b11101011 a
b10010010 R
b1100000000000101011110000000000010100000000001000000010 ;
0C
b10010010 P
b100000 $
b100000 2
b100000 j
b10 U
b1001 S
b10010100 N
b1001001 M
b11000 W
b1000101 *
1%
#10800000
0%
#10810000
b1100100000000101110101100000000010100000000001000000010 ;
b100000 $
b100000 2
b100000 j
b1000101 a
b11001 W
b1 U
b100011 T
b10010011 _
b11101011 `
b1000110 *
1%
#10820000
0%
#10830000
b1101100 a
b10111011 R
b1101000000000101110101100000000010100000000001000000010 ;
0C
b10111011 P
b100000 $
b100000 2
b100000 j
b10 U
b11 S
b111001 N
b10010011 M
b11010 W
b1000111 *
1%
#10840000
0%
#10850000
b1101100000000100110110000000000010100000000001000000010 ;
b100000 $
b100000 2
b100000 j
b1100011 a
b11011 W
b1 U
b100100 T
b100110 _
b1101100 `
b1001000 *
1%
#10860000
0%
#10870000
b10010100 a
b1001100 R
b1110000000000100110110000000000010100000000001000000010 ;
0C
b1001100 P
b100000 $
b100000 2
b100000 j
b10 U
b110 S
b1100010 N
b100110 M
b11100 W
b1001001 *
1%
#10880000
0%
#10890000
b1110100000000101001010000000000010100000000001000000010 ;
b100000 $
b100000 2
b100000 j
b1100101 a
b11101 W
b1 U
b100101 T
b1001101 _
b10010100 `
b1001010 *
1%
#10900000
0%
#10910000
b11111101 a
b11010100 R
b1111000000000101001010000000000010100000000001000000010 ;
0C
b11010100 P
b100000 $
b100000 2
b100000 j
b10 U
b1101 S
b11010100 N
b1001101 M
b11110 W
b1001011 *
1%
#10920000
0%
#10930000
b1111100000000101111110100000000010100000000001000000010 ;
b100000 $
b100000 2
b100000 j
b101111 a
b11111 W
b1 U
b100110 T
b10011011 _
b11111101 `
b1001100 *
1%
#10940000
0%
#10950000
b11111010 a
b1 R
b10000000000000101111110100000000010100000000001000000010 ;
0C
b1 P
b100000 $
b100000 2
b100000 j
b10 U
b1011 S
b10111001 N
b10011011 M
b100000 W
b1001101 *
1%
#10960000
0%
#10970000
b10000100000000101111101000000000010100000000001000000010 ;
b100000 $
b100000 2
b100000 j
b11110100 a
b100001 W
b1 U
b100111 T
b110111 _
b11111010 `
b1001110 *
1%
#10980000
0%
#10990000
b11101110 a
b11011 R
b10001000000000101111101000000000010100000000001000000010 ;
0C
b11011 P
b100000 $
b100000 2
b100000 j
b10 U
b111 S
b1110011 N
b110111 M
b100010 W
b1001111 *
1%
#11000000
0%
#11010000
b10001100000000101110111000000000010100000000001000000010 ;
b100000 $
b100000 2
b100000 j
b11000110 a
b100011 W
b1 U
b101000 T
b1101110 _
b11101110 `
b1010000 *
1%
#11020000
0%
#11030000
b10001001 a
b1010100 R
b10010000000000101110111000000000010100000000001000000010 ;
0C
b1010100 P
b100000 $
b100000 2
b100000 j
b10 U
b1110 S
b11100110 N
b1101110 M
b100100 W
b1010001 *
1%
#11040000
0%
#11050000
b10010100000000101000100100000000010100000000001000000010 ;
b100000 $
b100000 2
b100000 j
b1000111 a
b100101 W
b1 U
b101001 T
b11011100 _
b10001001 `
b1010010 *
1%
#11060000
0%
#11070000
b11011110 a
b11001101 R
b10011000000000101000100100000000010100000000001000000010 ;
0C
b11001101 P
b100000 $
b100000 2
b100000 j
b10 U
b1100 S
b11001101 N
b11011100 M
b100110 W
b1010011 *
1%
#11080000
0%
#11090000
b10011100000000101101111000000000010100000000001000000010 ;
b100000 $
b100000 2
b100000 j
b1110000 a
b100111 W
b1 U
b101010 T
b10111001 _
b11011110 `
b1010100 *
1%
#11100000
0%
#11110000
b11001110 a
b1110011 R
b10100000000000101101111000000000010100000000001000000010 ;
0C
b1110011 P
b100000 $
b100000 2
b100000 j
b10 U
b1001 S
b10011011 N
b10111001 M
b101000 W
b1010101 *
1%
#11120000
0%
#11130000
b10100100000000101100111000000000010100000000001000000010 ;
b100000 $
b100000 2
b100000 j
b11101110 a
b101001 W
b1 U
b101011 T
b1110010 _
b11001110 `
b1010110 *
1%
#11140000
0%
#11150000
b10111111 a
b100010 R
b10101000000000101100111000000000010100000000001000000010 ;
0C
b100010 P
b100000 $
b100000 2
b100000 j
b10 U
b10 S
b100111 N
b1110010 M
b101010 W
b1010111 *
1%
#11160000
0%
#11170000
b10101100000000101011111100000000010100000000001000000010 ;
b100000 $
b100000 2
b100000 j
b1011101 a
b101011 W
b1 U
b101100 T
b11100100 _
b10111111 `
b1011000 *
1%
#11180000
0%
#11190000
b11010101 a
b10101010 R
b10110000000000101011111100000000010100000000001000000010 ;
0C
b10101010 P
b100000 $
b100000 2
b100000 j
b10 U
b100 S
b1001110 N
b11100100 M
b101100 W
b1011001 *
1%
#11200000
0%
#11210000
b10110100000000101101010100000000010100000000001000000010 ;
b100000 $
b100000 2
b100000 j
b1 a
b101101 W
b1 U
b101101 T
b11001000 _
b11010101 `
b1011010 *
1%
#11220000
0%
#11230000
b1001111 a
b11100100 R
b10111000000000101101010100000000010100000000001000000010 ;
0C
b11100100 P
b100000 $
b100000 2
b100000 j
b10 U
b1000 S
b10001100 N
b11001000 M
b101110 W
b1011011 *
1%
#11240000
0%
#11250000
b10111100000000100100111100000000010100000000001000000010 ;
b100000 $
b100000 2
b100000 j
b1111010 a
b101111 W
b1 U
b101110 T
b10010000 _
b1001111 `
b1011100 *
1%
#11260000
0%
#11270000
b111 a
b10011001 R
b11000000000000100100111100000000010100000000001000000010 ;
0C
b10011001 P
b100000 $
b100000 2
b100000 j
b10 U
b0 S
b1001 N
b10010000 M
b110000 W
b1011101 *
1%
#11280000
0%
#11290000
b11000100000000100000011100000000010100000000001000000010 ;
b100000 $
b100000 2
b100000 j
b10010111 a
b110001 W
b1 U
b101111 T
b100000 _
b111 `
b1011110 *
1%
#11300000
0%
#11310000
b101100 a
b100010 R
b11001000000000100000011100000000010100000000001000000010 ;
0C
b100010 P
b100000 $
b100000 2
b100000 j
b10 U
b10 N
b100000 M
b110010 W
b1011111 *
1%
#11320000
0%
#11330000
b11001100000000100010110000000000010100000000001000000010 ;
b100000 $
b100000 2
b100000 j
b1111010 a
b110011 W
b1 U
b110000 T
b1000001 _
b101100 `
b1100000 *
1%
#11340000
0%
#11350000
b1110101 a
b101101 R
b11010000000000100010110000000000010100000000001000000010 ;
0C
b101101 P
b100000 $
b100000 2
b100000 j
b10 U
b1 S
b10100 N
b1000001 M
b110100 W
b1100001 *
1%
#11360000
0%
#11370000
b11010100000000100111010100000000010100000000001000000010 ;
b100000 $
b100000 2
b100000 j
b11000111 a
b110101 W
b1 U
b110001 T
b10000010 _
b1110101 `
b1100010 *
1%
#11380000
0%
#11390000
b11101010 a
b0 R
b11011000000000100111010100000000010100000000001000000010 ;
0C
b0 P
b100000 $
b100000 2
b100000 j
b10 U
b10 S
b101000 N
b10000010 M
b110110 W
b1100011 *
1%
#11400000
0%
#11410000
b11011100000000101110101000000000010100000000001000000010 ;
b100000 $
b100000 2
b100000 j
b11010101 a
b110111 W
b1 U
b110010 T
b101 _
b11101010 `
b1100100 *
1%
#11420000
0%
#11430000
b101111 a
b11111010 R
b11100000000000101110101000000000010100000000001000000010 ;
0C
b11111010 P
b100000 $
b100000 2
b100000 j
b10 U
b101 S
b1010000 N
b101 M
b111000 W
b1100101 *
1%
#11440000
0%
#11450000
b11100100000000100010111100000000010100000000001000000010 ;
b100000 $
b100000 2
b100000 j
b10100100 a
b111001 W
b1 U
b110011 T
b1010 _
b101111 `
b1100110 *
1%
#11460000
0%
#11470000
b1011011 a
b101 R
b11101000000000100010111100000000010100000000001000000010 ;
0C
b101 P
b100000 $
b100000 2
b100000 j
b10 U
b1010 S
b10100000 N
b1010 M
b111010 W
b1100111 *
1%
#11480000
0%
#11490000
b11101100000000100101101100000000010100000000001000000010 ;
b100000 $
b100000 2
b100000 j
b10110011 a
b111011 W
b1 U
b110100 T
b10101 _
b1011011 `
b1101000 *
1%
#11500000
0%
#11510000
b1011100 a
b11101010 R
b11110000000000100101101100000000010100000000001000000010 ;
0C
b11101010 P
b100000 $
b100000 2
b100000 j
b10 U
b101 S
b1010001 N
b10101 M
b111100 W
b1101001 *
1%
#11520000
0%
#11530000
b11110100000000100101110000000000010100000000001000000010 ;
b100000 $
b100000 2
b100000 j
b1010010 a
b111101 W
b1 U
b110101 T
b101011 _
b1011100 `
b1101010 *
1%
#11540000
0%
#11550000
b10111000 a
b0 R
b11111000000000100101110000000000010100000000001000000010 ;
0C
b0 P
b100000 $
b100000 2
b100000 j
b10 U
b1011 S
b10110010 N
b101011 M
b111110 W
b1101011 *
1%
#11560000
0%
#11570000
b11111100000000101011100000000000010100000000001000000010 ;
b100000 $
b100000 2
b100000 j
b1110001 a
b111111 W
b1 U
b110110 T
b1010110 _
b10111000 `
b1101100 *
1%
#11580000
0%
#11590000
b11011101 a
b10101100 R
b100000000000000101011100000000000010100000000001000000010 ;
0C
b10101100 P
b100000 $
b100000 2
b100000 j
b10 U
b110 S
b1100101 N
b1010110 M
b1000000 W
b1101101 *
1%
#11600000
0%
#11610000
b100000100000000101101110100000000010100000000001000000010 ;
b100000 $
b100000 2
b100000 j
b10111 a
b1000001 W
b1 U
b110111 T
b10101101 _
b11011101 `
b1101110 *
1%
#11620000
0%
#11630000
b1100001 a
b11011010 R
b100001000000000101101110100000000010100000000001000000010 ;
0C
b11011010 P
b100000 $
b100000 2
b100000 j
b10 U
b1101 S
b11011010 N
b10101101 M
b1000010 W
b1101111 *
1%
#11640000
0%
#11650000
b100001100000000100110000100000000010100000000001000000010 ;
b100000 $
b100000 2
b100000 j
b11000 a
b1000011 W
b1 U
b111000 T
b1011011 _
b1100001 `
b1110000 *
1%
#11660000
0%
#11670000
b11000010 a
b0 R
b100010000000000100110000100000000010100000000001000000010 ;
0C
b0 P
b100000 $
b100000 2
b100000 j
b10 U
b1011 S
b10110101 N
b1011011 M
b1000100 W
b1110001 *
1%
#11680000
0%
#11690000
b100010100000000101100001000000000010100000000001000000010 ;
b100000 $
b100000 2
b100000 j
b10000101 a
b1000101 W
b1 U
b111001 T
b10110110 _
b11000010 `
b1110010 *
1%
#11700000
0%
#11710000
b11101001 a
b1101100 R
b100011000000000101100001000000000010100000000001000000010 ;
0C
b1101100 P
b100000 $
b100000 2
b100000 j
b10 U
b110 S
b1101011 N
b10110110 M
b1000110 W
b1110011 *
1%
#11720000
0%
#11730000
b100011100000000101110100100000000010100000000001000000010 ;
b100000 $
b100000 2
b100000 j
b10111111 a
b1000111 W
b1 U
b111010 T
b1101101 _
b11101001 `
b1110100 *
1%
#11740000
0%
#11750000
b101 a
b11010110 R
b100100000000000101110100100000000010100000000001000000010 ;
0C
b11010110 P
b100000 $
b100000 2
b100000 j
b10 U
b1101 S
b11010110 N
b1101101 M
b1001000 W
b1110101 *
1%
#11760000
0%
#11770000
b100100100000000100000010100000000010100000000001000000010 ;
b100000 $
b100000 2
b100000 j
b11011100 a
b1001001 W
b1 U
b111011 T
b11011010 _
b101 `
b1110110 *
1%
#11780000
0%
#11790000
b1100111 a
b1101101 R
b100101000000000100000010100000000010100000000001000000010 ;
0C
b1101101 P
b100000 $
b100000 2
b100000 j
b10 U
b1010 S
b10101101 N
b11011010 M
b1001010 W
b1110111 *
1%
#11800000
0%
#11810000
b100101100000000100110011100000000010100000000001000000010 ;
b100000 $
b100000 2
b100000 j
b10100011 a
b1001011 W
b1 U
b111100 T
b10110101 _
b1100111 `
b1111000 *
1%
#11820000
0%
#11830000
b10000100 a
b1001010 R
b100110000000000100110011100000000010100000000001000000010 ;
0C
b1001010 P
b100000 $
b100000 2
b100000 j
b10 U
b101 S
b1011011 N
b10110101 M
b1001100 W
b1111001 *
1%
#11840000
0%
#11850000
b100110100000000101000010000000000010100000000001000000010 ;
b100000 $
b100000 2
b100000 j
b1000011 a
b1001101 W
b1 U
b111101 T
b1101011 _
b10000100 `
b1111010 *
1%
#11860000
0%
#11870000
b1001 a
b0 R
b100111000000000101000010000000000010100000000001000000010 ;
0C
b0 P
b100000 $
b100000 2
b100000 j
b10 U
b1011 S
b10110110 N
b1101011 M
b1001110 W
b1111011 *
1%
#11880000
0%
#11890000
b100111100000000100000100100000000010100000000001000000010 ;
b100000 $
b100000 2
b100000 j
b10010 a
b1001111 W
b1 U
b111110 T
b11010110 _
b1001 `
b1111100 *
1%
#11900000
0%
#11910000
b10111110 a
b10101100 R
b101000000000000100000100100000000010100000000001000000010 ;
0C
b10101100 P
b100000 $
b100000 2
b100000 j
b10 U
b110 S
b1101101 N
b11010110 M
b1010000 W
b1111101 *
1%
#11920000
0%
#11930000
b101000100000000101011111000000000010100000000001000000010 ;
b100000 $
b100000 2
b100000 j
b11010001 a
b1010001 W
b1 U
b111111 T
b10101100 _
b10111110 `
b1111110 *
1%
#11940000
0%
#11950000
b101001000000000101011111000000000010100000000001000000010 ;
0C
b10101100 P
b100000 $
b100000 2
b100000 j
b10 U
b1100 S
b11001010 N
b10101100 M
b1010010 W
b1111111 *
1%
#11960000
0%
#11970000
b101001100000000101101000100000000010100000000001000000010 ;
b100000 $
b100000 2
b100000 j
b1111 a
b1010011 W
b1 U
b1000000 T
b1011001 _
b11010001 `
b10000000 *
1%
#11980000
0%
#11990000
b10001 a
b10110010 R
b101010000000000101101000100000000010100000000001000000010 ;
0C
b10110010 P
b100000 $
b100000 2
b100000 j
b10 U
b1001 S
b10010101 N
b1011001 M
b1010100 W
b10000001 *
1%
#12000000
0%
#12010000
b101010100000000100001000100000000010100000000001000000010 ;
b100000 $
b100000 2
b100000 j
b10010000 a
b1010101 W
b1 U
b1000001 T
b10110010 _
b10001 `
b10000010 *
1%
#12020000
0%
#12030000
b0 a
b100010 R
b101011000000000100001000100000000010100000000001000000010 ;
0C
b100010 P
b100000 $
b100000 2
b100000 j
b10 U
b10 S
b101011 N
b10110010 M
b1010110 W
b10000011 *
1%
#12040000
0%
#12050000
b101011100000000100000000000000000010100000000001000000010 ;
b100000 $
b100000 2
b100000 j
b100010 a
b1010111 W
b1 U
b1000010 T
b1100101 _
b0 `
b10000100 *
1%
#12060000
0%
#12070000
b10011010 a
b10011010 R
b101100000000000100000000000000000010100000000001000000010 ;
0C
b10011010 P
b100000 $
b100000 2
b100000 j
b10 U
b101 S
b1010110 N
b1100101 M
b1011000 W
b10000101 *
1%
#12080000
0%
#12090000
b101100100000000101001101000000000010100000000001000000010 ;
b100000 $
b100000 2
b100000 j
b10101111 a
b1011001 W
b1 U
b1000011 T
b11001011 _
b10011010 `
b10000110 *
1%
#12100000
0%
#12110000
b110101 a
b0 R
b101101000000000101001101000000000010100000000001000000010 ;
0C
b0 P
b100000 $
b100000 2
b100000 j
b10 U
b1011 S
b10111100 N
b11001011 M
b1011010 W
b10000111 *
1%
#12120000
0%
#12130000
b101101100000000100011010100000000010100000000001000000010 ;
b100000 $
b100000 2
b100000 j
b1101010 a
b1011011 W
b1 U
b1000100 T
b10010110 _
b110101 `
b10001000 *
1%
#12140000
0%
#12150000
b1000110 a
b101100 R
b101110000000000100011010100000000010100000000001000000010 ;
0C
b101100 P
b100000 $
b100000 2
b100000 j
b10 U
b110 S
b1101001 N
b10010110 M
b1011100 W
b10001001 *
1%
#12160000
0%
#12170000
b101110100000000100100011000000000010100000000001000000010 ;
b100000 $
b100000 2
b100000 j
b10100000 a
b1011101 W
b1 U
b1000101 T
b101100 _
b1000110 `
b10001010 *
1%
#12180000
0%
#12190000
b101111000000000100100011000000000010100000000001000000010 ;
0C
b101100 P
b100000 $
b100000 2
b100000 j
b10 U
b1100 S
b11000010 N
b101100 M
b1011110 W
b10001011 *
1%
#12200000
0%
#12210000
b101111100000000101010000000000000010100000000001000000010 ;
b100000 $
b100000 2
b100000 j
b1101101 a
b1011111 W
b1 U
b1000110 T
b1011000 _
b10100000 `
b10001100 *
1%
#12220000
0%
#12230000
b110000000000000101010000000000000010100000000001000000010 ;
0C
b101100 P
b100000 $
b100000 2
b100000 j
b10 U
b1000 S
b10000101 N
b1011000 M
b1100000 W
b10001101 *
1%
#12240000
0%
#12250000
b110000100000000100110110100000000010100000000001000000010 ;
b100000 $
b100000 2
b100000 j
b11110110 a
b1100001 W
b1 U
b1000111 T
b10110000 _
b1101101 `
b10001110 *
1%
#12260000
0%
#12270000
b1100001 a
b10111011 R
b110001000000000100110110100000000010100000000001000000010 ;
0C
b10111011 P
b100000 $
b100000 2
b100000 j
b10 U
b0 S
b1011 N
b10110000 M
b1100010 W
b10001111 *
1%
#12280000
0%
#12290000
b110001100000000100110000100000000010100000000001000000010 ;
b100000 $
b100000 2
b100000 j
b1111001 a
b1100011 W
b1 U
b1001000 T
b1100001 _
b1100001 `
b10010000 *
1%
#12300000
0%
#12310000
b10001001 a
b1001011 R
b110010000000000100110000100000000010100000000001000000010 ;
0C
b1001011 P
b100000 $
b100000 2
b100000 j
b10 U
b1 S
b10110 N
b1100001 M
b1100100 W
b10010001 *
1%
#12320000
0%
#12330000
b110010100000000101000100100000000010100000000001000000010 ;
b100000 $
b100000 2
b100000 j
b1011000 a
b1100101 W
b1 U
b1001001 T
b11000011 _
b10001001 `
b10010010 *
1%
#12340000
0%
#12350000
b11101100 a
b11111111 R
b110011000000000101000100100000000010100000000001000000010 ;
0C
b11111111 P
b100000 $
b100000 2
b100000 j
b10 U
b11 S
b111100 N
b11000011 M
b1100110 W
b10010011 *
1%
#12360000
0%
#12370000
b110011100000000101110110000000000010100000000001000000010 ;
b100000 $
b100000 2
b100000 j
b100110 a
b1100111 W
b1 U
b1001010 T
b10000111 _
b11101100 `
b10010100 *
1%
#12380000
0%
#12390000
b10011010 a
b1000011 R
b110100000000000101110110000000000010100000000001000000010 ;
0C
b1000011 P
b100000 $
b100000 2
b100000 j
b10 U
b111 S
b1111000 N
b10000111 M
b1101000 W
b10010101 *
1%
#12400000
0%
#12410000
b110100100000000101001101000000000010100000000001000000010 ;
b100000 $
b100000 2
b100000 j
b1110110 a
b1101001 W
b1 U
b1001011 T
b1111 _
b10011010 `
b10010110 *
1%
#12420000
0%
#12430000
b101010 a
b11111 R
b110101000000000101001101000000000010100000000001000000010 ;
0C
b11111 P
b100000 $
b100000 2
b100000 j
b10 U
b1111 S
b11110000 N
b1111 M
b1101010 W
b10010111 *
1%
#12440000
0%
#12450000
b110101100000000100010101000000000010100000000001000000010 ;
b100000 $
b100000 2
b100000 j
b1001011 a
b1101011 W
b1 U
b1001100 T
b11111 _
b101010 `
b10011000 *
1%
#12460000
0%
#12470000
b1111010 a
b101110 R
b110110000000000100010101000000000010100000000001000000010 ;
0C
b101110 P
b100000 $
b100000 2
b100000 j
b10 U
b11110001 N
b11111 M
b1101100 W
b10011001 *
1%
#12480000
0%
#12490000
b110110100000000100111101000000000010100000000001000000010 ;
b100000 $
b100000 2
b100000 j
b11011010 a
b1101101 W
b1 U
b1001101 T
b111110 _
b1111010 `
b10011010 *
1%
#12500000
0%
#12510000
b11010101 a
b100001 R
b110111000000000100111101000000000010100000000001000000010 ;
0C
b100001 P
b100000 $
b100000 2
b100000 j
b10 U
b1110 S
b11100011 N
b111110 M
b1101110 W
b10011011 *
1%
#12520000
0%
#12530000
b110111100000000101101010100000000010100000000001000000010 ;
b100000 $
b100000 2
b100000 j
b10001010 a
b1101111 W
b1 U
b1001110 T
b1111101 _
b11010101 `
b10011100 *
1%
#12540000
0%
#12550000
b1111100 a
b11010111 R
b111000000000000101101010100000000010100000000001000000010 ;
0C
b11010111 P
b100000 $
b100000 2
b100000 j
b10 U
b1101 S
b11010111 N
b1111101 M
b1110000 W
b10011101 *
1%
#12560000
0%
#12570000
b111000100000000100111110000000000010100000000001000000010 ;
b100000 $
b100000 2
b100000 j
b101111 a
b1110001 W
b1 U
b1001111 T
b11111011 _
b1111100 `
b10011110 *
1%
#12580000
0%
#12590000
b11111000 a
b0 R
b111001000000000100111110000000000010100000000001000000010 ;
0C
b0 P
b100000 $
b100000 2
b100000 j
b10 U
b1011 S
b10111111 N
b11111011 M
b1110010 W
b10011111 *
1%
#12600000
0%
#12610000
b111001100000000101111100000000000010100000000001000000010 ;
b100000 $
b100000 2
b100000 j
b11110001 a
b1110011 W
b1 U
b1010000 T
b11110110 _
b11111000 `
b10100000 *
1%
#12620000
0%
#12630000
b11101 a
b11101100 R
b111010000000000101111100000000000010100000000001000000010 ;
0C
b11101100 P
b100000 $
b100000 2
b100000 j
b10 U
b110 S
b1101111 N
b11110110 M
b1110100 W
b10100001 *
1%
#12640000
0%
#12650000
b111010100000000100001110100000000010100000000001000000010 ;
b100000 $
b100000 2
b100000 j
b11010110 a
b1110101 W
b1 U
b1010001 T
b11101101 _
b11101 `
b10100010 *
1%
#12660000
0%
#12670000
b11010111 a
b11101101 R
b111011000000000100001110100000000010100000000001000000010 ;
0C
b11101101 P
b100000 $
b100000 2
b100000 j
b10 U
b1101 S
b11011110 N
b11101101 M
b1110110 W
b10100011 *
1%
#12680000
0%
#12690000
b111011100000000101101011100000000010100000000001000000010 ;
b100000 $
b100000 2
b100000 j
b1000010 a
b1110111 W
b1 U
b1010010 T
b11011011 _
b11010111 `
b10100100 *
1%
#12700000
0%
#12710000
b10101111 a
b0 R
b111100000000000101101011100000000010100000000001000000010 ;
0C
b0 P
b100000 $
b100000 2
b100000 j
b10 U
b1011 S
b10111101 N
b11011011 M
b1111000 W
b10100101 *
1%
#12720000
0%
#12730000
b111100100000000101010111100000000010100000000001000000010 ;
b100000 $
b100000 2
b100000 j
b1011111 a
b1111001 W
b1 U
b1010011 T
b10110111 _
b10101111 `
b10100110 *
1%
#12740000
0%
#12750000
b100 a
b1011011 R
b111101000000000101010111100000000010100000000001000000010 ;
0C
b1011011 P
b100000 $
b100000 2
b100000 j
b10 U
b111 S
b1111011 N
b10110111 M
b1111010 W
b10100111 *
1%
#12760000
0%
#12770000
b111101100000000100000010000000000010100000000001000000010 ;
b100000 $
b100000 2
b100000 j
b1010011 a
b1111011 W
b1 U
b1010100 T
b1101111 _
b100 `
b10101000 *
1%
#12780000
0%
#12790000
b1110001 a
b1111001 R
b111110000000000100000010000000000010100000000001000000010 ;
0C
b1111001 P
b100000 $
b100000 2
b100000 j
b10 U
b1111 S
b11110110 N
b1101111 M
b1111100 W
b10101001 *
1%
#12800000
0%
#12810000
b111110100000000100111000100000000010100000000001000000010 ;
b100000 $
b100000 2
b100000 j
b10011011 a
b1111101 W
b1 U
b1010101 T
b11011110 _
b1110001 `
b10101010 *
1%
#12820000
0%
#12830000
b101001 a
b11001011 R
b111111000000000100111000100000000010100000000001000000010 ;
0C
b11001011 P
b100000 $
b100000 2
b100000 j
b10 U
b1110 S
b11101101 N
b11011110 M
b1111110 W
b10101011 *
1%
#12840000
0%
#12850000
b111111100000000100010100100000000010100000000001000000010 ;
b100000 $
b100000 2
b100000 j
b10011001 a
b1111111 W
b1 U
b1010110 T
b10111101 _
b101001 `
b10101100 *
1%
#12860000
0%
#12870000
b10001001 a
b11011011 R
b1000000000000000100010100100000000010100000000001000000010 ;
0C
b11011011 P
b100000 $
b100000 2
b100000 j
b10 U
b1101 S
b11011011 N
b10111101 M
b10000000 W
b10101101 *
1%
#12880000
0%
#12890000
b1000000100000000101000100100000000010100000000001000000010 ;
b100000 $
b100000 2
b100000 j
b11001000 a
b10000001 W
b1 U
b1010111 T
b1111010 _
b10001001 `
b10101110 *
1%
#12900000
0%
#12910000
b101110 a
b111101 R
b1000001000000000101000100100000000010100000000001000000010 ;
0C
b111101 P
b100000 $
b100000 2
b100000 j
b10 U
b1010 S
b10100111 N
b1111010 M
b10000010 W
b10101111 *
1%
#12920000
0%
#12930000
b1000001100000000100010111000000000010100000000001000000010 ;
b100000 $
b100000 2
b100000 j
b1100001 a
b10000011 W
b1 U
b1011000 T
b11110101 _
b101110 `
b10110000 *
1%
#12940000
0%
#12950000
b1010110 a
b1010 R
b1000010000000000100010111000000000010100000000001000000010 ;
0C
b1010 P
b100000 $
b100000 2
b100000 j
b10 U
b101 S
b1011111 N
b11110101 M
b10000100 W
b10110001 *
1%
#12960000
0%
#12970000
b1000010100000000100101011000000000010100000000001000000010 ;
b100000 $
b100000 2
b100000 j
b10100110 a
b10000101 W
b1 U
b1011001 T
b11101011 _
b1010110 `
b10110010 *
1%
#12980000
0%
#12990000
b10101100 a
b0 R
b1000011000000000100101011000000000010100000000001000000010 ;
0C
b0 P
b100000 $
b100000 2
b100000 j
b10 U
b1011 S
b10111110 N
b11101011 M
b10000110 W
b10110011 *
1%
#13000000
0%
#13010000
b1000011100000000101010110000000000010100000000001000000010 ;
b100000 $
b100000 2
b100000 j
b1011001 a
b10000111 W
b1 U
b1011010 T
b11010111 _
b10101100 `
b10110100 *
1%
#13020000
0%
#13030000
b110010 a
b1101011 R
b1000100000000000101010110000000000010100000000001000000010 ;
0C
b1101011 P
b100000 $
b100000 2
b100000 j
b10 U
b111 S
b1111101 N
b11010111 M
b10001000 W
b10110101 *
1%
#13040000
0%
#13050000
b1000100100000000100011001000000000010100000000001000000010 ;
b100000 $
b100000 2
b100000 j
b1111 a
b10001001 W
b1 U
b1011011 T
b10101110 _
b110010 `
b10110110 *
1%
#13060000
0%
#13070000
b11111100 a
b10011000 R
b1000101000000000100011001000000000010100000000001000000010 ;
0C
b10011000 P
b100000 $
b100000 2
b100000 j
b10 U
b1110 S
b11101010 N
b10101110 M
b10001010 W
b10110111 *
1%
#13080000
0%
#13090000
b1000101100000000101111110000000000010100000000001000000010 ;
b100000 $
b100000 2
b100000 j
b1100001 a
b10001011 W
b1 U
b1011100 T
b1011101 _
b11111100 `
b10111000 *
1%
#13100000
0%
#13110000
b101100 a
b11010101 R
b1000110000000000101111110000000000010100000000001000000010 ;
0C
b11010101 P
b100000 $
b100000 2
b100000 j
b10 U
b1101 S
b11010101 N
b1011101 M
b10001100 W
b10111001 *
1%
#13120000
0%
#13130000
b1000110100000000100010110000000000010100000000001000000010 ;
b100000 $
b100000 2
b100000 j
b10001101 a
b10001101 W
b1 U
b1011101 T
b10111010 _
b101100 `
b10111010 *
1%
#13140000
0%
#13150000
b101 a
b1011101 R
b1000111000000000100010110000000000010100000000001000000010 ;
0C
b1011101 P
b100000 $
b100000 2
b100000 j
b10 U
b1010 S
b10101011 N
b10111010 M
b10001110 W
b10111011 *
1%
#13160000
0%
#13170000
b1000111100000000100000010100000000010100000000001000000010 ;
b100000 $
b100000 2
b100000 j
b1010111 a
b10001111 W
b1 U
b1011110 T
b1110100 _
b101 `
b10111100 *
1%
#13180000
0%
#13190000
b111001 a
b110011 R
b1001000000000000100000010100000000010100000000001000000010 ;
0C
b110011 P
b100000 $
b100000 2
b100000 j
b10 U
b100 S
b1000111 N
b1110100 M
b10010000 W
b10111101 *
1%
#13200000
0%
#13210000
b1001000100000000100011100100000000010100000000001000000010 ;
b100000 $
b100000 2
b100000 j
b1000001 a
b10010001 W
b1 U
b1011111 T
b11101000 _
b111001 `
b10111110 *
1%
#13220000
0%
#13230000
b10000110 a
b11110100 R
b1001001000000000100011100100000000010100000000001000000010 ;
0C
b11110100 P
b100000 $
b100000 2
b100000 j
b10 U
b1000 S
b10001110 N
b11101000 M
b10010010 W
b10111111 *
1%
#13240000
0%
#13250000
b1001001100000000101000011000000000010100000000001000000010 ;
b100000 $
b100000 2
b100000 j
b11111001 a
b10010011 W
b1 U
b1100000 T
b11010001 _
b10000110 `
b11000000 *
1%
#13260000
0%
#13270000
b10111001 a
b10110100 R
b1001010000000000101000011000000000010100000000001000000010 ;
0C
b10110100 P
b100000 $
b100000 2
b100000 j
b10 U
b1 S
b11101 N
b11010001 M
b10010100 W
b11000001 *
1%
#13280000
0%
#13290000
b1001010100000000101011100100000000010100000000001000000010 ;
b100000 $
b100000 2
b100000 j
b11000111 a
b10010101 W
b1 U
b1100001 T
b10100010 _
b10111001 `
b11000010 *
1%
#13300000
0%
#13310000
b1010001 a
b100010 R
b1001011000000000101011100100000000010100000000001000000010 ;
0C
b100010 P
b100000 $
b100000 2
b100000 j
b10 U
b10 S
b101010 N
b10100010 M
b10010110 W
b11000011 *
1%
#13320000
0%
#13330000
b1001011100000000100101000100000000010100000000001000000010 ;
b100000 $
b100000 2
b100000 j
b10000000 a
b10010111 W
b1 U
b1100010 T
b1000100 _
b1010001 `
b11000100 *
1%
#13340000
0%
#13350000
b10100010 a
b0 R
b1001100000000000100101000100000000010100000000001000000010 ;
0C
b0 P
b100000 $
b100000 2
b100000 j
b10 U
b100 S
b1000100 N
b1000100 M
b10011000 W
b11000101 *
1%
#13360000
0%
#13370000
b1001100100000000101010001000000000010100000000001000000010 ;
b100000 $
b100000 2
b100000 j
b1000101 a
b10011001 W
b1 U
b1100011 T
b10001000 _
b10100010 `
b11000110 *
1%
#13380000
0%
#13390000
b10000001 a
b11000100 R
b1001101000000000101010001000000000010100000000001000000010 ;
0C
b11000100 P
b100000 $
b100000 2
b100000 j
b10 U
b1000 S
b10001000 N
b10001000 M
b10011010 W
b11000111 *
1%
#13400000
0%
#13410000
b1001101100000000101000000100000000010100000000001000000010 ;
b100000 $
b100000 2
b100000 j
b11000111 a
b10011011 W
b1 U
b1100100 T
b10000 _
b10000001 `
b11001000 *
1%
#13420000
0%
#13430000
b10010 a
b10001 R
b1001110000000000101000000100000000010100000000001000000010 ;
0C
b10001 P
b100000 $
b100000 2
b100000 j
b10 U
b0 S
b1 N
b10000 M
b10011100 W
b11001001 *
1%
#13440000
0%
#13450000
b1001110100000000100001001000000000010100000000001000000010 ;
b100000 $
b100000 2
b100000 j
b110101 a
b10011101 W
b1 U
b1100101 T
b100001 _
b10010 `
b11001010 *
1%
#13460000
0%
#13470000
b101011 a
b1111 R
b1001111000000000100001001000000000010100000000001000000010 ;
0C
b1111 P
b100000 $
b100000 2
b100000 j
b10 U
b1 S
b10010 N
b100001 M
b10011110 W
b11001011 *
1%
#13480000
0%
#13490000
b1001111100000000100010101100000000010100000000001000000010 ;
b100000 $
b100000 2
b100000 j
b1011001 a
b10011111 W
b1 U
b1100110 T
b1000011 _
b101011 `
b11001100 *
1%
#13500000
0%
#13510000
b100001 a
b1110111 R
b1010000000000000100010101100000000010100000000001000000010 ;
0C
b1110111 P
b100000 $
b100000 2
b100000 j
b10 U
b11 S
b110100 N
b1000011 M
b10100000 W
b11001101 *
1%
#13520000
0%
#13530000
b1010000100000000100010000100000000010100000000001000000010 ;
b100000 $
b100000 2
b100000 j
b110101 a
b10100001 W
b1 U
b1100111 T
b10000110 _
b100001 `
b11001110 *
1%
#13540000
0%
#13550000
b1001110 a
b1100 R
b1010001000000000100010000100000000010100000000001000000010 ;
0C
b1100 P
b100000 $
b100000 2
b100000 j
b10 U
b110 S
b1101000 N
b10000110 M
b10100010 W
b11001111 *
1%
#13560000
0%
#13570000
b1010001100000000100100111000000000010100000000001000000010 ;
b100000 $
b100000 2
b100000 j
b10010000 a
b10100011 W
b1 U
b1101000 T
b1101 _
b1001110 `
b11010000 *
1%
#13580000
0%
#13590000
b1001100 a
b11010000 R
b1010010000000000100100111000000000010100000000001000000010 ;
0C
b11010000 P
b100000 $
b100000 2
b100000 j
b10 U
b1101 S
b11010000 N
b1101 M
b10100100 W
b11010001 *
1%
#13600000
0%
#13610000
b1010010100000000100100110000000000010100000000001000000010 ;
b100000 $
b100000 2
b100000 j
b1001000 a
b10100101 W
b1 U
b1101001 T
b11011 _
b1001100 `
b11010010 *
1%
#13620000
0%
#13630000
b10011000 a
b0 R
b1010011000000000100100110000000000010100000000001000000010 ;
0C
b0 P
b100000 $
b100000 2
b100000 j
b10 U
b1011 S
b10110001 N
b11011 M
b10100110 W
b11010011 *
1%
#13640000
0%
#13650000
b1010011100000000101001100000000000010100000000001000000010 ;
b100000 $
b100000 2
b100000 j
b110001 a
b10100111 W
b1 U
b1101010 T
b110110 _
b10011000 `
b11010100 *
1%
#13660000
0%
#13670000
b1011101 a
b1101100 R
b1010100000000000101001100000000000010100000000001000000010 ;
0C
b1101100 P
b100000 $
b100000 2
b100000 j
b10 U
b110 S
b1100011 N
b110110 M
b10101000 W
b11010101 *
1%
#13680000
0%
#13690000
b1010100100000000100101110100000000010100000000001000000010 ;
b100000 $
b100000 2
b100000 j
b11010110 a
b10101001 W
b1 U
b1101011 T
b1101100 _
b1011101 `
b11010110 *
1%
#13700000
0%
#13710000
b1010101000000000100101110100000000010100000000001000000010 ;
0C
b1101100 P
b100000 $
b100000 2
b100000 j
b10 U
b1100 S
b11000110 N
b1101100 M
b10101010 W
b11010111 *
1%
#13720000
0%
#13730000
b1010101100000000101101011000000000010100000000001000000010 ;
b100000 $
b100000 2
b100000 j
b11000001 a
b10101011 W
b1 U
b1101100 T
b11011000 _
b11010110 `
b11011000 *
1%
#13740000
0%
#13750000
b1000001 a
b11101100 R
b1010110000000000101101011000000000010100000000001000000010 ;
0C
b11101100 P
b100000 $
b100000 2
b100000 j
b10 U
b1000 S
b10001101 N
b11011000 M
b10101100 W
b11011001 *
1%
#13760000
0%
#13770000
b1010110100000000100100000100000000010100000000001000000010 ;
b100000 $
b100000 2
b100000 j
b1101110 a
b10101101 W
b1 U
b1101101 T
b10110001 _
b1000001 `
b11011010 *
1%
#13780000
0%
#13790000
b10100 a
b10010110 R
b1010111000000000100100000100000000010100000000001000000010 ;
0C
b10010110 P
b100000 $
b100000 2
b100000 j
b10 U
b1 S
b11011 N
b10110001 M
b10101110 W
b11011011 *
1%
#13800000
0%
#13810000
b1010111100000000100001010000000000010100000000001000000010 ;
b100000 $
b100000 2
b100000 j
b10111110 a
b10101111 W
b1 U
b1101110 T
b1100011 _
b10100 `
b11011100 *
1%
#13820000
0%
#13830000
b1011111 a
b1110111 R
b1011000000000000100001010000000000010100000000001000000010 ;
0C
b1110111 P
b100000 $
b100000 2
b100000 j
b10 U
b11 S
b110110 N
b1100011 M
b10110000 W
b11011101 *
1%
#13840000
0%
#13850000
b1011000100000000100101111100000000010100000000001000000010 ;
b100000 $
b100000 2
b100000 j
b11001001 a
b10110001 W
b1 U
b1101111 T
b11000111 _
b1011111 `
b11011110 *
1%
#13860000
0%
#13870000
b11011101 a
b1100011 R
b1011001000000000100101111100000000010100000000001000000010 ;
0C
b1100011 P
b100000 $
b100000 2
b100000 j
b10 U
b111 S
b1111100 N
b11000111 M
b10110010 W
b11011111 *
1%
#13880000
0%
#13890000
b1011001100000000101101110100000000010100000000001000000010 ;
b100000 $
b100000 2
b100000 j
b11011000 a
b10110011 W
b1 U
b1110000 T
b10001111 _
b11011101 `
b11100000 *
1%
#13900000
0%
#13910000
b101100 a
b10010111 R
b1011010000000000101101110100000000010100000000001000000010 ;
0C
b10010111 P
b100000 $
b100000 2
b100000 j
b10 U
b1111 S
b11111000 N
b10001111 M
b10110100 W
b11100001 *
1%
#13920000
0%
#13930000
b1011010100000000100010110000000000010100000000001000000010 ;
b100000 $
b100000 2
b100000 j
b11001111 a
b10110101 W
b1 U
b1110001 T
b11110 _
b101100 `
b11100010 *
1%
#13940000
0%
#13950000
b10100111 a
b11111111 R
b1011011000000000100010110000000000010100000000001000000010 ;
0C
b11111111 P
b100000 $
b100000 2
b100000 j
b10 U
b1110 S
b11100001 N
b11110 M
b10110110 W
b11100011 *
1%
#13960000
0%
#13970000
b1011011100000000101010011100000000010100000000001000000010 ;
b100000 $
b100000 2
b100000 j
b10110000 a
b10110111 W
b1 U
b1110010 T
b111100 _
b10100111 `
b11100100 *
1%
#13980000
0%
#13990000
b1110011 a
b111100 R
b1011100000000000101010011100000000010100000000001000000010 ;
0C
b111100 P
b100000 $
b100000 2
b100000 j
b10 U
b1100 S
b11000011 N
b111100 M
b10111000 W
b11100101 *
1%
#14000000
0%
#14010000
b1011100100000000100111001100000000010100000000001000000010 ;
b100000 $
b100000 2
b100000 j
b11011010 a
b10111001 W
b1 U
b1110011 T
b1111001 _
b1110011 `
b11100110 *
1%
#14020000
0%
#14030000
b10100 a
b11110010 R
b1011101000000000100111001100000000010100000000001000000010 ;
0C
b11110010 P
b100000 $
b100000 2
b100000 j
b10 U
b1001 S
b10010111 N
b1111001 M
b10111010 W
b11100111 *
1%
#14040000
0%
#14050000
b1011101100000000100001010000000000010100000000001000000010 ;
b100000 $
b100000 2
b100000 j
b11011010 a
b10111011 W
b1 U
b1110100 T
b11110011 _
b10100 `
b11101000 *
1%
#14060000
0%
#14070000
b11010111 a
b11111111 R
b1011110000000000100001010000000000010100000000001000000010 ;
0C
b11111111 P
b100000 $
b100000 2
b100000 j
b10 U
b11 S
b111111 N
b11110011 M
b10111100 W
b11101001 *
1%
#14080000
0%
#14090000
b1011110100000000101101011100000000010100000000001000000010 ;
b100000 $
b100000 2
b100000 j
b1010000 a
b10111101 W
b1 U
b1110101 T
b11100111 _
b11010111 `
b11101010 *
1%
#14100000
0%
#14110000
b11011100 a
b1110011 R
b1011111000000000101101011100000000010100000000001000000010 ;
0C
b1110011 P
b100000 $
b100000 2
b100000 j
b10 U
b111 S
b1111110 N
b11100111 M
b10111110 W
b11101011 *
1%
#14120000
0%
#14130000
b1011111100000000101101110000000000010100000000001000000010 ;
b100000 $
b100000 2
b100000 j
b11001010 a
b10111111 W
b1 U
b1110110 T
b11001110 _
b11011100 `
b11101100 *
1%
#14140000
0%
#14150000
b11 a
b10111010 R
b1100000000000000101101110000000000010100000000001000000010 ;
0C
b10111010 P
b100000 $
b100000 2
b100000 j
b10 U
b1110 S
b11101100 N
b11001110 M
b11000000 W
b11101101 *
1%
#14160000
0%
#14170000
b1100000100000000100000001100000000010100000000001000000010 ;
b100000 $
b100000 2
b100000 j
b10111100 a
b11000001 W
b1 U
b1110111 T
b10011100 _
b11 `
b11101110 *
1%
#14180000
0%
#14190000
b10011010 a
b10011100 R
b1100001000000000100000001100000000010100000000001000000010 ;
0C
b10011100 P
b100000 $
b100000 2
b100000 j
b10 U
b1100 S
b11001001 N
b10011100 M
b11000010 W
b11101111 *
1%
#14200000
0%
#14210000
b1100001100000000101001101000000000010100000000001000000010 ;
b100000 $
b100000 2
b100000 j
b10101001 a
b11000011 W
b1 U
b1111000 T
b111001 _
b10011010 `
b11110000 *
1%
#14220000
0%
#14230000
b1000111 a
b1110010 R
b1100010000000000101001101000000000010100000000001000000010 ;
0C
b1110010 P
b100000 $
b100000 2
b100000 j
b10 U
b1001 S
b10010011 N
b111001 M
b11000100 W
b11110001 *
1%
#14240000
0%
#14250000
b1100010100000000100100011100000000010100000000001000000010 ;
b100000 $
b100000 2
b100000 j
b11111100 a
b11000101 W
b1 U
b1111001 T
b1110011 _
b1000111 `
b11110010 *
1%
#14260000
0%
#14270000
b11111001 a
b1110111 R
b1100011000000000100100011100000000010100000000001000000010 ;
0C
b1110111 P
b100000 $
b100000 2
b100000 j
b10 U
b11 S
b110111 N
b1110011 M
b11000110 W
b11110011 *
1%
#14280000
0%
#14290000
b1100011100000000101111100100000000010100000000001000000010 ;
b100000 $
b100000 2
b100000 j
b10000100 a
b11000111 W
b1 U
b1111010 T
b11100110 _
b11111001 `
b11110100 *
1%
#14300000
0%
#14310000
b111111 a
b11001100 R
b1100100000000000101111100100000000010100000000001000000010 ;
0C
b11001100 P
b100000 $
b100000 2
b100000 j
b10 U
b110 S
b1101110 N
b11100110 M
b11001000 W
b11110101 *
1%
#14320000
0%
#14330000
b1100100100000000100011111100000000010100000000001000000010 ;
b100000 $
b100000 2
b100000 j
b10110010 a
b11001001 W
b1 U
b1111011 T
b11001100 _
b111111 `
b11110110 *
1%
#14340000
0%
#14350000
b1100101000000000100011111100000000010100000000001000000010 ;
0C
b11001100 P
b100000 $
b100000 2
b100000 j
b10 U
b1100 S
b11001100 N
b11001100 M
b11001010 W
b11110111 *
1%
#14360000
0%
#14370000
b1100101100000000101011001000000000010100000000001000000010 ;
b100000 $
b100000 2
b100000 j
b10101001 a
b11001011 W
b1 U
b1111100 T
b10011000 _
b10110010 `
b11111000 *
1%
#14380000
0%
#14390000
b1100110000000000101011001000000000010100000000001000000010 ;
0C
b11001100 P
b100000 $
b100000 2
b100000 j
b10 U
b1000 S
b10001001 N
b10011000 M
b11001100 W
b11111001 *
1%
#14400000
0%
#14410000
b1100110100000000101010100100000000010100000000001000000010 ;
b100000 $
b100000 2
b100000 j
b10011111 a
b11001101 W
b1 U
b1111101 T
b110001 _
b10101001 `
b11111010 *
1%
#14420000
0%
#14430000
b1001101 a
b11110 R
b1100111000000000101010100100000000010100000000001000000010 ;
0C
b11110 P
b100000 $
b100000 2
b100000 j
b10 U
b1 S
b10011 N
b110001 M
b11001110 W
b11111011 *
1%
#14440000
0%
#14450000
b1100111100000000100100110100000000010100000000001000000010 ;
b100000 $
b100000 2
b100000 j
b10000100 a
b11001111 W
b1 U
b1111110 T
b1100010 _
b1001101 `
b11111100 *
1%
#14460000
0%
#14470000
b10111000 a
b100010 R
b1101000000000000100100110100000000010100000000001000000010 ;
0C
b100010 P
b100000 $
b100000 2
b100000 j
b10 U
b10 S
b100110 N
b1100010 M
b11010000 W
b11111101 *
1%
#14480000
0%
#14490000
b1101000100000000101011100000000000010100000000001000000010 ;
b100000 $
b100000 2
b100000 j
b1010011 a
b11010001 W
b1 U
b1111111 T
b11000101 _
b10111000 `
b11111110 *
1%
#14500000
0%
#14510000
b1001011 a
b111010 R
b1101001000000000101011100000000000010100000000001000000010 ;
0C
b111010 P
b100000 $
b100000 2
b100000 j
b10 U
b101 S
b1011100 N
b11000101 M
b11010010 W
b11111111 *
1%
#14520000
0%
#14530000
b1101001100000000100100101100000000010100000000001000000010 ;
b100000 $
b100000 2
b100000 j
b10101100 a
b11010011 W
b1 U
b10000000 T
b10001011 _
b1001011 `
b100000000 *
1%
#14540000
0%
#14550000
b10010111 a
b1 R
b1101010000000000100100101100000000010100000000001000000010 ;
0C
b1 P
b100000 $
b100000 2
b100000 j
b10 U
b1011 S
b10111000 N
b10001011 M
b11010100 W
b100000001 *
1%
#14560000
0%
#14570000
b1101010100000000101001011100000000010100000000001000000010 ;
b100000 $
b100000 2
b100000 j
b101110 a
b11010101 W
b1 U
b10000001 T
b10110 _
b10010111 `
b100000010 *
1%
#14580000
0%
#14590000
b11 a
b101100 R
b1101011000000000101001011100000000010100000000001000000010 ;
0C
b101100 P
b100000 $
b100000 2
b100000 j
b10 U
b110 S
b1100001 N
b10110 M
b11010110 W
b100000011 *
1%
#14600000
0%
#14610000
b1101011100000000100000001100000000010100000000001000000010 ;
b100000 $
b100000 2
b100000 j
b101010 a
b11010111 W
b1 U
b10000010 T
b101101 _
b11 `
b100000100 *
1%
#14620000
0%
#14630000
b11010100 a
b11010010 R
b1101100000000000100000001100000000010100000000001000000010 ;
0C
b11010010 P
b100000 $
b100000 2
b100000 j
b10 U
b1101 S
b11010010 N
b101101 M
b11011000 W
b100000101 *
1%
#14640000
0%
#14650000
b1101100100000000101101010000000000010100000000001000000010 ;
b100000 $
b100000 2
b100000 j
b1111011 a
b11011001 W
b1 U
b10000011 T
b1011010 _
b11010100 `
b100000110 *
1%
#14660000
0%
#14670000
b10000100 a
b101101 R
b1101101000000000101101010000000000010100000000001000000010 ;
0C
b101101 P
b100000 $
b100000 2
b100000 j
b10 U
b1010 S
b10100101 N
b1011010 M
b11011010 W
b100000111 *
1%
#14680000
0%
#14690000
b1101101100000000101000010000000000010100000000001000000010 ;
b100000 $
b100000 2
b100000 j
b100100 a
b11011011 W
b1 U
b10000100 T
b10110100 _
b10000100 `
b100001000 *
1%
#14700000
0%
#14710000
b11110110 a
b11111111 R
b1101110000000000101000010000000000010100000000001000000010 ;
0C
b11111111 P
b100000 $
b100000 2
b100000 j
b10 U
b100 S
b1001011 N
b10110100 M
b11011100 W
b100001001 *
1%
#14720000
0%
#14730000
b1101110100000000101111011000000000010100000000001000000010 ;
b100000 $
b100000 2
b100000 j
b10010 a
b11011101 W
b1 U
b10000101 T
b1101001 _
b11110110 `
b100001010 *
1%
#14740000
0%
#14750000
b111111 a
b11010010 R
b1101111000000000101111011000000000010100000000001000000010 ;
0C
b11010010 P
b100000 $
b100000 2
b100000 j
b10 U
b1001 S
b10010110 N
b1101001 M
b11011110 W
b100001011 *
1%
#14760000
0%
#14770000
b1101111100000000100011111100000000010100000000001000000010 ;
b100000 $
b100000 2
b100000 j
b10101100 a
b11011111 W
b1 U
b10000110 T
b11010010 _
b111111 `
b100001100 *
1%
#14780000
0%
#14790000
b1111110 a
b0 R
b1110000000000000100011111100000000010100000000001000000010 ;
0C
b0 P
b100000 $
b100000 2
b100000 j
b10 U
b10 S
b101101 N
b11010010 M
b11100000 W
b100001101 *
1%
#14800000
0%
#14810000
b1110000100000000100111111000000000010100000000001000000010 ;
b100000 $
b100000 2
b100000 j
b11111100 a
b11100001 W
b1 U
b10000111 T
b10100100 _
b1111110 `
b100001110 *
1%
#14820000
0%
#14830000
b10010 a
b11101110 R
b1110001000000000100111111000000000010100000000001000000010 ;
0C
b11101110 P
b100000 $
b100000 2
b100000 j
b10 U
b100 S
b1001010 N
b10100100 M
b11100010 W
b100001111 *
1%
#14840000
0%
#14850000
b1110001100000000100001001000000000010100000000001000000010 ;
b100000 $
b100000 2
b100000 j
b11001010 a
b11100011 W
b1 U
b10001000 T
b1001000 _
b10010 `
b100010000 *
1%
#14860000
0%
#14870000
b0 a
b100100 R
b1110010000000000100001001000000000010100000000001000000010 ;
0C
b100100 P
b100000 $
b100000 2
b100000 j
b10 U
b1000 S
b10000100 N
b1001000 M
b11100100 W
b100010001 *
1%
#14880000
0%
#14890000
b1110010100000000100000000000000000010100000000001000000010 ;
b100000 $
b100000 2
b100000 j
b100100 a
b11100101 W
b1 U
b10001001 T
b10010001 _
b0 `
b100010010 *
1%
#14900000
0%
#14910000
b1111000 a
b1111000 R
b1110011000000000100000000000000000010100000000001000000010 ;
0C
b1111000 P
b100000 $
b100000 2
b100000 j
b10 U
b1 S
b11001 N
b10010001 M
b11100110 W
b100010011 *
1%
#14920000
0%
#14930000
b1110011100000000100111100000000000010100000000001000000010 ;
b100000 $
b100000 2
b100000 j
b10001000 a
b11100111 W
b1 U
b10001010 T
b100010 _
b1111000 `
b100010100 *
1%
#14940000
0%
#14950000
b11010010 a
b100010 R
b1110100000000000100111100000000000010100000000001000000010 ;
0C
b100010 P
b100000 $
b100000 2
b100000 j
b10 U
b10 S
b100010 N
b100010 M
b11101000 W
b100010101 *
1%
#14960000
0%
#14970000
b1110100100000000101101001000000000010100000000001000000010 ;
b100000 $
b100000 2
b100000 j
b10000111 a
b11101001 W
b1 U
b10001011 T
b1000101 _
b11010010 `
b100010110 *
1%
#14980000
0%
#14990000
b11111 a
b10111010 R
b1110101000000000101101001000000000010100000000001000000010 ;
0C
b10111010 P
b100000 $
b100000 2
b100000 j
b10 U
b101 S
b1010100 N
b1000101 M
b11101010 W
b100010111 *
1%
#15000000
0%
#15010000
b1110101100000000100001111100000000010100000000001000000010 ;
b100000 $
b100000 2
b100000 j
b10000100 a
b11101011 W
b1 U
b10001100 T
b10001010 _
b11111 `
b100011000 *
1%
#15020000
0%
#15030000
b1111011 a
b1000101 R
b1110110000000000100001111100000000010100000000001000000010 ;
0C
b1000101 P
b100000 $
b100000 2
b100000 j
b10 U
b1010 S
b10101000 N
b10001010 M
b11101100 W
b100011001 *
1%
#15040000
0%
#15050000
b1110110100000000100111101100000000010100000000001000000010 ;
b100000 $
b100000 2
b100000 j
b10110011 a
b11101101 W
b1 U
b10001101 T
b10100 _
b1111011 `
b100011010 *
1%
#15060000
0%
#15070000
b10100011 a
b1010101 R
b1110111000000000100111101100000000010100000000001000000010 ;
0C
b1010101 P
b100000 $
b100000 2
b100000 j
b10 U
b100 S
b1000001 N
b10100 M
b11101110 W
b100011011 *
1%
#15080000
0%
#15090000
b1110111100000000101010001100000000010100000000001000000010 ;
b100000 $
b100000 2
b100000 j
b10010 a
b11101111 W
b1 U
b10001110 T
b101001 _
b10100011 `
b100011100 *
1%
#15100000
0%
#15110000
b10101 a
b1010010 R
b1111000000000000101010001100000000010100000000001000000010 ;
0C
b1010010 P
b100000 $
b100000 2
b100000 j
b10 U
b1001 S
b10010010 N
b101001 M
b11110000 W
b100011101 *
1%
#15120000
0%
#15130000
b1111000100000000100001010100000000010100000000001000000010 ;
b100000 $
b100000 2
b100000 j
b1111000 a
b11110001 W
b1 U
b10001111 T
b1010010 _
b10101 `
b100011110 *
1%
#15140000
0%
#15150000
b101010 a
b0 R
b1111001000000000100001010100000000010100000000001000000010 ;
0C
b0 P
b100000 $
b100000 2
b100000 j
b10 U
b10 S
b100101 N
b1010010 M
b11110010 W
b100011111 *
1%
#15160000
0%
#15170000
b1111001100000000100010101000000000010100000000001000000010 ;
b100000 $
b100000 2
b100000 j
b1010100 a
b11110011 W
b1 U
b10010000 T
b10100101 _
b101010 `
b100100000 *
1%
#15180000
0%
#15190000
b1110 a
b1011010 R
b1111010000000000100010101000000000010100000000001000000010 ;
0C
b1011010 P
b100000 $
b100000 2
b100000 j
b10 U
b101 S
b1011010 N
b10100101 M
b11110100 W
b100100001 *
1%
#15200000
0%
#15210000
b1111010100000000100000111000000000010100000000001000000010 ;
b100000 $
b100000 2
b100000 j
b1000110 a
b11110101 W
b1 U
b10010001 T
b1001010 _
b1110 `
b100100010 *
1%
#15220000
0%
#15230000
b111001 a
b100101 R
b1111011000000000100000111000000000010100000000001000000010 ;
0C
b100101 P
b100000 $
b100000 2
b100000 j
b10 U
b1010 S
b10100100 N
b1001010 M
b11110110 W
b100100011 *
1%
#15240000
0%
#15250000
b1111011100000000100011100100000000010100000000001000000010 ;
b100000 $
b100000 2
b100000 j
b1010111 a
b11110111 W
b1 U
b10010010 T
b10010101 _
b111001 `
b100100100 *
1%
#15260000
0%
#15270000
b11000 a
b1101010 R
b1111100000000000100011100100000000010100000000001000000010 ;
0C
b1101010 P
b100000 $
b100000 2
b100000 j
b10 U
b101 S
b1011001 N
b10010101 M
b11111000 W
b100100101 *
1%
#15280000
0%
#15290000
b1111100100000000100001100000000000010100000000001000000010 ;
b100000 $
b100000 2
b100000 j
b1011010 a
b11111001 W
b1 U
b10010011 T
b101010 _
b11000 `
b100100110 *
1%
#15300000
0%
#15310000
b100101 a
b10101 R
b1111101000000000100001100000000000010100000000001000000010 ;
0C
b10101 P
b100000 $
b100000 2
b100000 j
b10 U
b1010 S
b10100010 N
b101010 M
b11111010 W
b100100111 *
1%
#15320000
0%
#15330000
b1111101100000000100010010100000000010100000000001000000010 ;
b100000 $
b100000 2
b100000 j
b1011111 a
b11111011 W
b1 U
b10010100 T
b1010100 _
b100101 `
b100101000 *
1%
#15340000
0%
#15350000
b1011011 a
b10001 R
b1111110000000000100010010100000000010100000000001000000010 ;
0C
b10001 P
b100000 $
b100000 2
b100000 j
b10 U
b100 S
b1000101 N
b1010100 M
b11111100 W
b100101001 *
1%
#15360000
0%
#15370000
b1111110100000000100101101100000000010100000000001000000010 ;
b100000 $
b100000 2
b100000 j
b10100111 a
b11111101 W
b1 U
b10010101 T
b10101001 _
b1011011 `
b100101010 *
1%
#15380000
0%
#15390000
b11100101 a
b1010011 R
b1111111000000000100101101100000000010100000000001000000010 ;
0C
b1010011 P
b100000 $
b100000 2
b100000 j
b10 U
b1001 S
b10011010 N
b10101001 M
b11111110 W
b100101011 *
1%
#15400000
0%
#15410000
b1111111100000000101110010100000000010100000000001000000010 ;
b100000 $
b100000 2
b100000 j
b10011000 a
b11111111 W
b1 U
b10010110 T
b1010011 _
b11100101 `
b100101100 *
1%
#15420000
0%
#15430000
b10111100 a
b1110111 R
b101110010100000000010100000000001000000010 ;
0C
b1110111 P
b100000 $
b100000 2
b100000 j
b10 U
b11 S
b110101 N
b1010011 M
b0 W
b100101101 *
1%
#15440000
0%
#15450000
b100000000101011110000000000010100000000001000000010 ;
b100000 $
b100000 2
b100000 j
b1110 a
b1 W
b1 U
b10010111 T
b10100111 _
b10111100 `
b100101110 *
1%
#15460000
0%
#15470000
b101010 a
b1010011 R
b1000000000101011110000000000010100000000001000000010 ;
0C
b1010011 P
b100000 $
b100000 2
b100000 j
b10 U
b111 S
b1111010 N
b10100111 M
b10 W
b100101111 *
1%
#15480000
0%
#15490000
b1100000000100010101000000000010100000000001000000010 ;
b100000 $
b100000 2
b100000 j
b111 a
b11 W
b1 U
b10011000 T
b1001110 _
b101010 `
b100110000 *
1%
#15500000
0%
#15510000
b1100110 a
b110010 R
b10000000000100010101000000000010100000000001000000010 ;
0C
b110010 P
b100000 $
b100000 2
b100000 j
b10 U
b1110 S
b11100100 N
b1001110 M
b100 W
b100110001 *
1%
#15520000
0%
#15530000
b10100000000100110011000000000010100000000001000000010 ;
b100000 $
b100000 2
b100000 j
b11111110 a
b101 W
b1 U
b10011001 T
b10011101 _
b1100110 `
b100110010 *
1%
#15540000
0%
#15550000
b10101 a
b11011001 R
b11000000000100110011000000000010100000000001000000010 ;
0C
b11011001 P
b100000 $
b100000 2
b100000 j
b10 U
b1101 S
b11011001 N
b10011101 M
b110 W
b100110011 *
1%
#15560000
0%
#15570000
b11100000000100001010100000000010100000000001000000010 ;
b100000 $
b100000 2
b100000 j
b11110011 a
b111 W
b1 U
b10011010 T
b111011 _
b10101 `
b100110100 *
1%
#15580000
0%
#15590000
b101010 a
b0 R
b100000000000100001010100000000010100000000001000000010 ;
0C
b0 P
b100000 $
b100000 2
b100000 j
b10 U
b1011 S
b10110011 N
b111011 M
b1000 W
b100110101 *
1%
#15600000
0%
#15610000
b100100000000100010101000000000010100000000001000000010 ;
b100000 $
b100000 2
b100000 j
b1010100 a
b1001 W
b1 U
b10011011 T
b1110111 _
b101010 `
b100110110 *
1%
#15620000
0%
#15630000
b1101111 a
b111011 R
b101000000000100010101000000000010100000000001000000010 ;
0C
b111011 P
b100000 $
b100000 2
b100000 j
b10 U
b111 S
b1110111 N
b1110111 M
b1010 W
b100110111 *
1%
#15640000
0%
#15650000
b101100000000100110111100000000010100000000001000000010 ;
b100000 $
b100000 2
b100000 j
b11100101 a
b1011 W
b1 U
b10011100 T
b11101110 _
b1101111 `
b100111000 *
1%
#15660000
0%
#15670000
b10 a
b11011100 R
b110000000000100110111100000000010100000000001000000010 ;
0C
b11011100 P
b100000 $
b100000 2
b100000 j
b10 U
b1110 S
b11101110 N
b11101110 M
b1100 W
b100111001 *
1%
#15680000
0%
#15690000
b110100000000100000001000000000010100000000001000000010 ;
b100000 $
b100000 2
b100000 j
b11011000 a
b1101 W
b1 U
b10011101 T
b11011101 _
b10 `
b100111010 *
1%
#15700000
0%
#15710000
b11011001 a
b11011101 R
b111000000000100000001000000000010100000000001000000010 ;
0C
b11011101 P
b100000 $
b100000 2
b100000 j
b10 U
b1101 S
b11011101 N
b11011101 M
b1110 W
b100111011 *
1%
#15720000
0%
#15730000
b111100000000101101100100000000010100000000001000000010 ;
b100000 $
b100000 2
b100000 j
b1101110 a
b1111 W
b1 U
b10011110 T
b10111011 _
b11011001 `
b100111100 *
1%
#15740000
0%
#15750000
b10110011 a
b0 R
b1000000000000101101100100000000010100000000001000000010 ;
0C
b0 P
b100000 $
b100000 2
b100000 j
b10 U
b1011 S
b10111011 N
b10111011 M
b10000 W
b100111101 *
1%
#15760000
0%
#15770000
b1000100000000101011001100000000010100000000001000000010 ;
b100000 $
b100000 2
b100000 j
b1100111 a
b10001 W
b1 U
b10011111 T
b1110110 _
b10110011 `
b100111110 *
1%
#15780000
0%
#15790000
b10001011 a
b11101100 R
b1001000000000101011001100000000010100000000001000000010 ;
0C
b11101100 P
b100000 $
b100000 2
b100000 j
b10 U
b110 S
b1100111 N
b1110110 M
b10010 W
b100111111 *
1%
#15800000
0%
#15810000
b1001100000000101000101100000000010100000000001000000010 ;
b100000 $
b100000 2
b100000 j
b11111011 a
b10011 W
b1 U
b10100000 T
b11101100 _
b10001011 `
b101000000 *
1%
#15820000
0%
#15830000
b11011001 a
b11001110 R
b1010000000000101000101100000000010100000000001000000010 ;
0C
b11001110 P
b100000 $
b100000 2
b100000 j
b10 U
b1100 S
b11001110 N
b11101100 M
b10100 W
b101000001 *
1%
#15840000
0%
#15850000
b1010100000000101101100100000000010100000000001000000010 ;
b100000 $
b100000 2
b100000 j
b1111101 a
b10101 W
b1 U
b10100001 T
b11011001 _
b11011001 `
b101000010 *
1%
#15860000
0%
#15870000
b0 a
b10110011 R
b1011000000000101101100100000000010100000000001000000010 ;
0C
b10110011 P
b100000 $
b100000 2
b100000 j
b10 U
b1001 S
b10011101 N
b11011001 M
b10110 W
b101000011 *
1%
#15880000
0%
#15890000
b1011100000000100000000000000000010100000000001000000010 ;
b100000 $
b100000 2
b100000 j
b10110011 a
b10111 W
b1 U
b10100010 T
b10110011 _
b0 `
b101000100 *
1%
#15900000
0%
#15910000
b10111011 a
b10111011 R
b1100000000000100000000000000000010100000000001000000010 ;
0C
b10111011 P
b100000 $
b100000 2
b100000 j
b10 U
b11 S
b111011 N
b10110011 M
b11000 W
b101000101 *
1%
#15920000
0%
#15930000
b1100100000000101011101100000000010100000000001000000010 ;
b100000 $
b100000 2
b100000 j
b11001100 a
b11001 W
b1 U
b10100011 T
b1100111 _
b10111011 `
b101000110 *
1%
#15940000
0%
#15950000
b1000100 a
b110011 R
b1101000000000101011101100000000010100000000001000000010 ;
0C
b110011 P
b100000 $
b100000 2
b100000 j
b10 U
b111 S
b1110110 N
b1100111 M
b11010 W
b101000111 *
1%
#15960000
0%
#15970000
b1101100000000100100010000000000010100000000001000000010 ;
b100000 $
b100000 2
b100000 j
b10111011 a
b11011 W
b1 U
b10100100 T
b11001111 _
b1000100 `
b101001000 *
1%
#15980000
0%
#15990000
b1011011 a
b11010011 R
b1110000000000100100010000000000010100000000001000000010 ;
0C
b11010011 P
b100000 $
b100000 2
b100000 j
b10 U
b1111 S
b11111100 N
b11001111 M
b11100 W
b101001001 *
1%
#16000000
0%
#16010000
b1110100000000100101101100000000010100000000001000000010 ;
b100000 $
b100000 2
b100000 j
b1100101 a
b11101 W
b1 U
b10100101 T
b10011110 _
b1011011 `
b101001010 *
1%
#16020000
0%
#16030000
b110001 a
b10000111 R
b1111000000000100101101100000000010100000000001000000010 ;
0C
b10000111 P
b100000 $
b100000 2
b100000 j
b10 U
b1110 S
b11101001 N
b10011110 M
b11110 W
b101001011 *
1%
#16040000
0%
#16050000
b1111100000000100011000100000000010100000000001000000010 ;
b100000 $
b100000 2
b100000 j
b11100101 a
b11111 W
b1 U
b10100110 T
b111101 _
b110001 `
b101001100 *
1%
#16060000
0%
#16070000
b10110001 a
b11010011 R
b10000000000000100011000100000000010100000000001000000010 ;
0C
b11010011 P
b100000 $
b100000 2
b100000 j
b10 U
b1101 S
b11010011 N
b111101 M
b100000 W
b101001101 *
1%
#16080000
0%
#16090000
b10000100000000101011000100000000010100000000001000000010 ;
b100000 $
b100000 2
b100000 j
b10110000 a
b100001 W
b1 U
b10100111 T
b1111011 _
b10110001 `
b101001110 *
1%
#16100000
0%
#16110000
b1100011 a
b0 R
b10001000000000101011000100000000010100000000001000000010 ;
0C
b0 P
b100000 $
b100000 2
b100000 j
b10 U
b1011 S
b10110111 N
b1111011 M
b100010 W
b101001111 *
1%
#16120000
0%
#16130000
b10001100000000100110001100000000010100000000001000000010 ;
b100000 $
b100000 2
b100000 j
b11000110 a
b100011 W
b1 U
b10101000 T
b11110111 _
b1100011 `
b101010000 *
1%
#16140000
0%
#16150000
b10111101 a
b1111011 R
b10010000000000100110001100000000010100000000001000000010 ;
0C
b1111011 P
b100000 $
b100000 2
b100000 j
b10 U
b111 S
b1111111 N
b11110111 M
b100100 W
b101010001 *
1%
#16160000
0%
#16170000
b10010100000000101011110100000000010100000000001000000010 ;
b100000 $
b100000 2
b100000 j
b0 a
b100101 W
b1 U
b10101001 T
b11101111 _
b10111101 `
b101010010 *
1%
#16180000
0%
#16190000
b10001010 a
b11110001 R
b10011000000000101011110100000000010100000000001000000010 ;
0C
b11110001 P
b100000 $
b100000 2
b100000 j
b10 U
b1111 S
b11111110 N
b11101111 M
b100110 W
b101010011 *
1%
#16200000
0%
#16210000
b10011100000000101000101000000000010100000000001000000010 ;
b100000 $
b100000 2
b100000 j
b11100100 a
b100111 W
b1 U
b10101010 T
b11011111 _
b10001010 `
b101010100 *
1%
#16220000
0%
#16230000
b11110111 a
b11100010 R
b10100000000000101000101000000000010100000000001000000010 ;
0C
b11100010 P
b100000 $
b100000 2
b100000 j
b10 U
b11111101 N
b11011111 M
b101000 W
b101010101 *
1%
#16240000
0%
#16250000
b10100100000000101111011100000000010100000000001000000010 ;
b100000 $
b100000 2
b100000 j
b1101 a
b101001 W
b1 U
b10101011 T
b10111111 _
b11110111 `
b101010110 *
1%
#16260000
0%
#16270000
b101011 a
b11000100 R
b10101000000000101111011100000000010100000000001000000010 ;
0C
b11000100 P
b100000 $
b100000 2
b100000 j
b10 U
b11111011 N
b10111111 M
b101010 W
b101010111 *
1%
#16280000
0%
#16290000
b10101100000000100010101100000000010100000000001000000010 ;
b100000 $
b100000 2
b100000 j
b10010010 a
b101011 W
b1 U
b10101100 T
b1111110 _
b101011 `
b101011000 *
1%
#16300000
0%
#16310000
b110011 a
b1100101 R
b10110000000000100010101100000000010100000000001000000010 ;
0C
b1100101 P
b100000 $
b100000 2
b100000 j
b10 U
b1110 S
b11100111 N
b1111110 M
b101100 W
b101011001 *
1%
#16320000
0%
#16330000
b10110100000000100011001100000000010100000000001000000010 ;
b100000 $
b100000 2
b100000 j
b11 a
b101101 W
b1 U
b10101101 T
b11111101 _
b110011 `
b101011010 *
1%
#16340000
0%
#16350000
b10011011 a
b11111101 R
b10111000000000100011001100000000010100000000001000000010 ;
0C
b11111101 P
b100000 $
b100000 2
b100000 j
b10 U
b1101 S
b11011111 N
b11111101 M
b101110 W
b101011011 *
1%
#16360000
0%
#16370000
b10111100000000101001101100000000010100000000001000000010 ;
b100000 $
b100000 2
b100000 j
b11001010 a
b101111 W
b1 U
b10101110 T
b11111010 _
b10011011 `
b101011100 *
1%
#16380000
0%
#16390000
b1001010 a
b1111101 R
b11000000000000101001101100000000010100000000001000000010 ;
0C
b1111101 P
b100000 $
b100000 2
b100000 j
b10 U
b1010 S
b10101111 N
b11111010 M
b110000 W
b101011101 *
1%
#16400000
0%
#16410000
b11000100000000100100101000000000010100000000001000000010 ;
b100000 $
b100000 2
b100000 j
b11101001 a
b110001 W
b1 U
b10101111 T
b11110100 _
b1001010 `
b101011110 *
1%
#16420000
0%
#16430000
b101111 a
b10111011 R
b11001000000000100100101000000000010100000000001000000010 ;
0C
b10111011 P
b100000 $
b100000 2
b100000 j
b10 U
b100 S
b1001111 N
b11110100 M
b110010 W
b101011111 *
1%
#16440000
0%
#16450000
b11001100000000100010111100000000010100000000001000000010 ;
b100000 $
b100000 2
b100000 j
b11100101 a
b110011 W
b1 U
b10110000 T
b11101001 _
b101111 `
b101100000 *
1%
#16460000
0%
#16470000
b10001101 a
b11010011 R
b11010000000000100010111100000000010100000000001000000010 ;
0C
b11010011 P
b100000 $
b100000 2
b100000 j
b10 U
b1001 S
b10011110 N
b11101001 M
b110100 W
b101100001 *
1%
#16480000
0%
#16490000
b11010100000000101000110100000000010100000000001000000010 ;
b100000 $
b100000 2
b100000 j
b11001000 a
b110101 W
b1 U
b10110001 T
b11010011 _
b10001101 `
b101100010 *
1%
#16500000
0%
#16510000
b11100100 a
b11111111 R
b11011000000000101000110100000000010100000000001000000010 ;
0C
b11111111 P
b100000 $
b100000 2
b100000 j
b10 U
b11 S
b111101 N
b11010011 M
b110110 W
b101100011 *
1%
#16520000
0%
#16530000
b11011100000000101110010000000000010100000000001000000010 ;
b100000 $
b100000 2
b100000 j
b110110 a
b110111 W
b1 U
b10110010 T
b10100110 _
b11100100 `
b101100100 *
1%
#16540000
0%
#16550000
b10000101 a
b1001100 R
b11100000000000101110010000000000010100000000001000000010 ;
0C
b1001100 P
b100000 $
b100000 2
b100000 j
b10 U
b110 S
b1101010 N
b10100110 M
b111000 W
b101100101 *
1%
#16560000
0%
#16570000
b11100100000000101000010100000000010100000000001000000010 ;
b100000 $
b100000 2
b100000 j
b1000111 a
b111001 W
b1 U
b10110011 T
b1001100 _
b10000101 `
b101100110 *
1%
#16580000
0%
#16590000
b11101000000000101000010100000000010100000000001000000010 ;
0C
b1001100 P
b100000 $
b100000 2
b100000 j
b10 U
b1100 S
b11000100 N
b1001100 M
b111010 W
b101100111 *
1%
#16600000
0%
#16610000
b11101100000000100100011100000000010100000000001000000010 ;
b100000 $
b100000 2
b100000 j
b11000010 a
b111011 W
b1 U
b10110100 T
b10011001 _
b1000111 `
b101101000 *
1%
#16620000
0%
#16630000
b10111101 a
b110011 R
b11110000000000100100011100000000010100000000001000000010 ;
0C
b110011 P
b100000 $
b100000 2
b100000 j
b10 U
b1001 S
b10011001 N
b10011001 M
b111100 W
b101101001 *
1%
#16640000
0%
#16650000
b11110100000000101011110100000000010100000000001000000010 ;
b100000 $
b100000 2
b100000 j
b1001000 a
b111101 W
b1 U
b10110101 T
b110011 _
b10111101 `
b101101010 *
1%
#16660000
0%
#16670000
b11111000000000101011110100000000010100000000001000000010 ;
0C
b110011 P
b100000 $
b100000 2
b100000 j
b10 U
b11 S
b110011 N
b110011 M
b111110 W
b101101011 *
1%
#16680000
0%
#16690000
b11111100000000100100100000000000010100000000001000000010 ;
b100000 $
b100000 2
b100000 j
b10100011 a
b111111 W
b1 U
b10110110 T
b1100110 _
b1001000 `
b101101100 *
1%
#16700000
0%
#16710000
b1011100 a
b11001100 R
b100000000000000100100100000000000010100000000001000000010 ;
0C
b11001100 P
b100000 $
b100000 2
b100000 j
b10 U
b110 S
b1100110 N
b1100110 M
b1000000 W
b101101101 *
1%
#16720000
0%
#16730000
b100000100000000100101110000000000010100000000001000000010 ;
b100000 $
b100000 2
b100000 j
b1110100 a
b1000001 W
b1 U
b10110111 T
b11001101 _
b1011100 `
b101101110 *
1%
#16740000
0%
#16750000
b1100100 a
b11011100 R
b100001000000000100101110000000000010100000000001000000010 ;
0C
b11011100 P
b100000 $
b100000 2
b100000 j
b10 U
b1101 S
b11011100 N
b11001101 M
b1000010 W
b101101111 *
1%
#16760000
0%
#16770000
b100001100000000100110010000000000010100000000001000000010 ;
b100000 $
b100000 2
b100000 j
b10100 a
b1000011 W
b1 U
b10111000 T
b10011010 _
b1100100 `
b101110000 *
1%
#16780000
0%
#16790000
b10000101 a
b1001101 R
b100010000000000100110010000000000010100000000001000000010 ;
0C
b1001101 P
b100000 $
b100000 2
b100000 j
b10 U
b1010 S
b10101001 N
b10011010 M
b1000100 W
b101110001 *
1%
#16800000
0%
#16810000
b100010100000000101000010100000000010100000000001000000010 ;
b100000 $
b100000 2
b100000 j
b1000110 a
b1000101 W
b1 U
b10111001 T
b110101 _
b10000101 `
b101110010 *
1%
#16820000
0%
#16830000
b11000001 a
b11001010 R
b100011000000000101000010100000000010100000000001000000010 ;
0C
b11001010 P
b100000 $
b100000 2
b100000 j
b10 U
b101 S
b1010011 N
b110101 M
b1000110 W
b101110011 *
1%
#16840000
0%
#16850000
b100011100000000101100000100000000010100000000001000000010 ;
b100000 $
b100000 2
b100000 j
b1001001 a
b1000111 W
b1 U
b10111010 T
b1101010 _
b11000001 `
b101110100 *
1%
#16860000
0%
#16870000
b10110110 a
b110101 R
b100100000000000101100000100000000010100000000001000000010 ;
0C
b110101 P
b100000 $
b100000 2
b100000 j
b10 U
b1010 S
b10100110 N
b1101010 M
b1001000 W
b101110101 *
1%
#16880000
0%
#16890000
b100100100000000101011011000000000010100000000001000000010 ;
b100000 $
b100000 2
b100000 j
b1011000 a
b1001001 W
b1 U
b10111011 T
b11010100 _
b10110110 `
b101110110 *
1%
#16900000
0%
#16910000
b11110100 a
b10011001 R
b100101000000000101011011000000000010100000000001000000010 ;
0C
b10011001 P
b100000 $
b100000 2
b100000 j
b10 U
b100 S
b1001101 N
b11010100 M
b1001010 W
b101110111 *
1%
#16920000
0%
#16930000
b100101100000000101111010000000000010100000000001000000010 ;
b100000 $
b100000 2
b100000 j
b1110000 a
b1001011 W
b1 U
b10111100 T
b10101000 _
b11110100 `
b101111000 *
1%
#16940000
0%
#16950000
b111101 a
b11010100 R
b100110000000000101111010000000000010100000000001000000010 ;
0C
b11010100 P
b100000 $
b100000 2
b100000 j
b10 U
b1000 S
b10001010 N
b10101000 M
b1001100 W
b101111001 *
1%
#16960000
0%
#16970000
b100110100000000100011110100000000010100000000001000000010 ;
b100000 $
b100000 2
b100000 j
b10101110 a
b1001101 W
b1 U
b10111101 T
b1010001 _
b111101 `
b101111010 *
1%
#16980000
0%
#16990000
b1000110 a
b111100 R
b100111000000000100011110100000000010100000000001000000010 ;
0C
b111100 P
b100000 $
b100000 2
b100000 j
b10 U
b1 S
b10101 N
b1010001 M
b1001110 W
b101111011 *
1%
#17000000
0%
#17010000
b100111100000000100100011000000000010100000000001000000010 ;
b100000 $
b100000 2
b100000 j
b10110000 a
b1001111 W
b1 U
b10111110 T
b10100011 _
b1000110 `
b101111100 *
1%
#17020000
0%
#17030000
b110111 a
b10111011 R
b101000000000000100100011000000000010100000000001000000010 ;
0C
b10111011 P
b100000 $
b100000 2
b100000 j
b10 U
b11 S
b111010 N
b10100011 M
b1010000 W
b101111101 *
1%
#17040000
0%
#17050000
b101000100000000100011011100000000010100000000001000000010 ;
b100000 $
b100000 2
b100000 j
b11010101 a
b1010001 W
b1 U
b10111111 T
b1000110 _
b110111 `
b101111110 *
1%
#17060000
0%
#17070000
b11100010 a
b10001100 R
b101001000000000100011011100000000010100000000001000000010 ;
0C
b10001100 P
b100000 $
b100000 2
b100000 j
b10 U
b110 S
b1100100 N
b1000110 M
b1010010 W
b101111111 *
1%
#17080000
0%
#17090000
b101001100000000101110001000000000010100000000001000000010 ;
b100000 $
b100000 2
b100000 j
b1001001 a
b1010011 W
b1 U
b11000000 T
b10001100 _
b11100010 `
b110000000 *
1%
#17100000
0%
#17110000
b101010000000000101110001000000000010100000000001000000010 ;
0C
b10001100 P
b100000 $
b100000 2
b100000 j
b10 U
b1100 S
b11001000 N
b10001100 M
b1010100 W
b110000001 *
1%
#17120000
0%
#17130000
b101010100000000100100100100000000010100000000001000000010 ;
b100000 $
b100000 2
b100000 j
b11110 a
b1010101 W
b1 U
b11000001 T
b11000 _
b1001001 `
b110000010 *
1%
#17140000
0%
#17150000
b10011110 a
b1100 R
b101011000000000100100100100000000010100000000001000000010 ;
0C
b1100 P
b100000 $
b100000 2
b100000 j
b10 U
b1000 S
b10000001 N
b11000 M
b1010110 W
b110000011 *
1%
#17160000
0%
#17170000
b101011100000000101001111000000000010100000000001000000010 ;
b100000 $
b100000 2
b100000 j
b110001 a
b1010111 W
b1 U
b11000010 T
b110000 _
b10011110 `
b110000100 *
1%
#17180000
0%
#17190000
b1110 a
b110011 R
b101100000000000101001111000000000010100000000001000000010 ;
0C
b110011 P
b100000 $
b100000 2
b100000 j
b10 U
b0 S
b11 N
b110000 M
b1011000 W
b110000101 *
1%
#17200000
0%
#17210000
b101100100000000100000111000000000010100000000001000000010 ;
b100000 $
b100000 2
b100000 j
b101111 a
b1011001 W
b1 U
b11000011 T
b1100000 _
b1110 `
b110000110 *
1%
#17220000
0%
#17230000
b1111010 a
b1100110 R
b101101000000000100000111000000000010100000000001000000010 ;
0C
b1100110 P
b100000 $
b100000 2
b100000 j
b10 U
b110 N
b1100000 M
b1011010 W
b110000111 *
1%
#17240000
0%
#17250000
b101101100000000100111101000000000010100000000001000000010 ;
b100000 $
b100000 2
b100000 j
b10010010 a
b1011011 W
b1 U
b11000100 T
b11000001 _
b1111010 `
b110001000 *
1%
#17260000
0%
#17270000
b1010001 a
b10100101 R
b101110000000000100111101000000000010100000000001000000010 ;
0C
b10100101 P
b100000 $
b100000 2
b100000 j
b10 U
b1 S
b11100 N
b11000001 M
b1011100 W
b110001001 *
1%
#17280000
0%
#17290000
b101110100000000100101000100000000010100000000001000000010 ;
b100000 $
b100000 2
b100000 j
b111 a
b1011101 W
b1 U
b11000101 T
b10000011 _
b1010001 `
b110001010 *
1%
#17300000
0%
#17310000
b11001 a
b10111011 R
b101111000000000100101000100000000010100000000001000000010 ;
0C
b10111011 P
b100000 $
b100000 2
b100000 j
b10 U
b11 S
b111000 N
b10000011 M
b1011110 W
b110001011 *
1%
#17320000
0%
#17330000
b101111100000000100001100100000000010100000000001000000010 ;
b100000 $
b100000 2
b100000 j
b10001001 a
b1011111 W
b1 U
b11000110 T
b111 _
b11001 `
b110001100 *
1%
#17340000
0%
#17350000
b110001 a
b11 R
b110000000000000100001100100000000010100000000001000000010 ;
0C
b11 P
b100000 $
b100000 2
b100000 j
b10 U
b111 S
b1110000 N
b111 M
b1100000 W
b110001101 *
1%
#17360000
0%
#17370000
b110000100000000100011000100000000010100000000001000000010 ;
b100000 $
b100000 2
b100000 j
b1100001 a
b1100001 W
b1 U
b11000111 T
b1110 _
b110001 `
b110001110 *
1%
#17380000
0%
#17390000
b10001100 a
b11101110 R
b110001000000000100011000100000000010100000000001000000010 ;
0C
b11101110 P
b100000 $
b100000 2
b100000 j
b10 U
b1110 S
b11100000 N
b1110 M
b1100010 W
b110001111 *
1%
#17400000
0%
#17410000
b110001100000000101000110000000000010100000000001000000010 ;
b100000 $
b100000 2
b100000 j
b11110111 a
b1100011 W
b1 U
b11001000 T
b11101 _
b10001100 `
b110010000 *
1%
#17420000
0%
#17430000
b11001000 a
b11010001 R
b110010000000000101000110000000000010100000000001000000010 ;
0C
b11010001 P
b100000 $
b100000 2
b100000 j
b10 U
b1101 S
b11010001 N
b11101 M
b1100100 W
b110010001 *
1%
#17440000
0%
#17450000
b110010100000000101100100000000000010100000000001000000010 ;
b100000 $
b100000 2
b100000 j
b1000000 a
b1100101 W
b1 U
b11001001 T
b111010 _
b11001000 `
b110010010 *
1%
#17460000
0%
#17470000
b10001100 a
b11101 R
b110011000000000101100100000000000010100000000001000000010 ;
0C
b11101 P
b100000 $
b100000 2
b100000 j
b10 U
b1010 S
b10100011 N
b111010 M
b1100110 W
b110010011 *
1%
#17480000
0%
#17490000
b110011100000000101000110000000000010100000000001000000010 ;
b100000 $
b100000 2
b100000 j
b100 a
b1100111 W
b1 U
b11001010 T
b1110101 _
b10001100 `
b110010100 *
1%
#17500000
0%
#17510000
b10010011 a
b10001010 R
b110100000000000101000110000000000010100000000001000000010 ;
0C
b10001010 P
b100000 $
b100000 2
b100000 j
b10 U
b101 S
b1010111 N
b1110101 M
b1101000 W
b110010101 *
1%
#17520000
0%
#17530000
b110100100000000101001001100000000010100000000001000000010 ;
b100000 $
b100000 2
b100000 j
b10101101 a
b1101001 W
b1 U
b11001011 T
b11101010 _
b10010011 `
b110010110 *
1%
#17540000
0%
#17550000
b1010010 a
b1110101 R
b110101000000000101001001100000000010100000000001000000010 ;
0C
b1110101 P
b100000 $
b100000 2
b100000 j
b10 U
b1010 S
b10101110 N
b11101010 M
b1101010 W
b110010111 *
1%
#17560000
0%
#17570000
b110101100000000100101001000000000010100000000001000000010 ;
b100000 $
b100000 2
b100000 j
b11010001 a
b1101011 W
b1 U
b11001100 T
b11010101 _
b1010010 `
b110011000 *
1%
#17580000
0%
#17590000
b10001110 a
b101010 R
b110110000000000100101001000000000010100000000001000000010 ;
0C
b101010 P
b100000 $
b100000 2
b100000 j
b10 U
b101 S
b1011101 N
b11010101 M
b1101100 W
b110011001 *
1%
#17600000
0%
#17610000
b110110100000000101000111000000000010100000000001000000010 ;
b100000 $
b100000 2
b100000 j
b110111 a
b1101101 W
b1 U
b11001101 T
b10101010 _
b10001110 `
b110011010 *
1%
#17620000
0%
#17630000
b1001000 a
b1010101 R
b110111000000000101000111000000000010100000000001000000010 ;
0C
b1010101 P
b100000 $
b100000 2
b100000 j
b10 U
b1010 S
b10101010 N
b10101010 M
b1101110 W
b110011011 *
1%
#17640000
0%
#17650000
b110111100000000100100100000000000010100000000001000000010 ;
b100000 $
b100000 2
b100000 j
b11000101 a
b1101111 W
b1 U
b11001110 T
b1010101 _
b1001000 `
b110011100 *
1%
#17660000
0%
#17670000
b111010 a
b10101010 R
b111000000000000100100100000000000010100000000001000000010 ;
0C
b10101010 P
b100000 $
b100000 2
b100000 j
b10 U
b101 S
b1010101 N
b1010101 M
b1110000 W
b110011101 *
1%
#17680000
0%
#17690000
b111000100000000100011101000000000010100000000001000000010 ;
b100000 $
b100000 2
b100000 j
b11011110 a
b1110001 W
b1 U
b11001111 T
b10101011 _
b111010 `
b110011110 *
1%
#17700000
0%
#17710000
b1110101 a
b1 R
b111001000000000100011101000000000010100000000001000000010 ;
0C
b1 P
b100000 $
b100000 2
b100000 j
b10 U
b1011 S
b10111010 N
b10101011 M
b1110010 W
b110011111 *
1%
#17720000
0%
#17730000
b111001100000000100111010100000000010100000000001000000010 ;
b100000 $
b100000 2
b100000 j
b11101011 a
b1110011 W
b1 U
b11010000 T
b1010111 _
b1110101 `
b110100000 *
1%
#17740000
0%
#17750000
b11000001 a
b101011 R
b111010000000000100111010100000000010100000000001000000010 ;
0C
b101011 P
b100000 $
b100000 2
b100000 j
b10 U
b111 S
b1110101 N
b1010111 M
b1110100 W
b110100001 *
1%
#17760000
0%
#17770000
b111010100000000101100000100000000010100000000001000000010 ;
b100000 $
b100000 2
b100000 j
b10101000 a
b1110101 W
b1 U
b11010001 T
b10101111 _
b11000001 `
b110100010 *
1%
#17780000
0%
#17790000
b110110 a
b10110101 R
b111011000000000101100000100000000010100000000001000000010 ;
0C
b10110101 P
b100000 $
b100000 2
b100000 j
b10 U
b1111 S
b11111010 N
b10101111 M
b1110110 W
b110100011 *
1%
#17800000
0%
#17810000
b111011100000000100011011000000000010100000000001000000010 ;
b100000 $
b100000 2
b100000 j
b11011001 a
b1110111 W
b1 U
b11010010 T
b1011111 _
b110110 `
b110100100 *
1%
#17820000
0%
#17830000
b110 a
b1101010 R
b111100000000000100011011000000000010100000000001000000010 ;
0C
b1101010 P
b100000 $
b100000 2
b100000 j
b10 U
b11110101 N
b1011111 M
b1111000 W
b110100101 *
1%
#17840000
0%
#17850000
b111100100000000100000011000000000010100000000001000000010 ;
b100000 $
b100000 2
b100000 j
b1100110 a
b1111001 W
b1 U
b11010011 T
b10111110 _
b110 `
b110100110 *
1%
#17860000
0%
#17870000
b10100101 a
b10101001 R
b111101000000000100000011000000000010100000000001000000010 ;
0C
b10101001 P
b100000 $
b100000 2
b100000 j
b10 U
b1110 S
b11101011 N
b10111110 M
b1111010 W
b110100111 *
1%
#17880000
0%
#17890000
b111101100000000101010010100000000010100000000001000000010 ;
b100000 $
b100000 2
b100000 j
b11100010 a
b1111011 W
b1 U
b11010100 T
b1111100 _
b10100101 `
b110101000 *
1%
#17900000
0%
#17910000
b110111 a
b1111100 R
b111110000000000101010010100000000010100000000001000000010 ;
0C
b1111100 P
b100000 $
b100000 2
b100000 j
b10 U
b1100 S
b11000111 N
b1111100 M
b1111100 W
b110101001 *
1%
#17920000
0%
#17930000
b111110100000000100011011100000000010100000000001000000010 ;
b100000 $
b100000 2
b100000 j
b10010 a
b1111101 W
b1 U
b11010101 T
b11111001 _
b110111 `
b110101010 *
1%
#17940000
0%
#17950000
b10011101 a
b11110011 R
b111111000000000100011011100000000010100000000001000000010 ;
0C
b11110011 P
b100000 $
b100000 2
b100000 j
b10 U
b1001 S
b10011111 N
b11111001 M
b1111110 W
b110101011 *
1%
#17960000
0%
#17970000
b111111100000000101001110100000000010100000000001000000010 ;
b100000 $
b100000 2
b100000 j
b11001000 a
b1111111 W
b1 U
b11010110 T
b11110010 _
b10011101 `
b110101100 *
1%
#17980000
0%
#17990000
b11001 a
b100010 R
b1000000000000000101001110100000000010100000000001000000010 ;
0C
b100010 P
b100000 $
b100000 2
b100000 j
b10 U
b10 S
b101111 N
b11110010 M
b10000000 W
b110101101 *
1%
#18000000
0%
#18010000
b1000000100000000100001100100000000010100000000001000000010 ;
b100000 $
b100000 2
b100000 j
b10000 a
b10000001 W
b1 U
b11010111 T
b11100101 _
b11001 `
b110101110 *
1%
#18020000
0%
#18030000
b101000 a
b11010 R
b1000001000000000100001100100000000010100000000001000000010 ;
0C
b11010 P
b100000 $
b100000 2
b100000 j
b10 U
b101 S
b1011110 N
b11100101 M
b10000010 W
b110101111 *
1%
#18040000
0%
#18050000
b1000001100000000100010100000000000010100000000001000000010 ;
b100000 $
b100000 2
b100000 j
b1001010 a
b10000011 W
b1 U
b11011000 T
b11001010 _
b101000 `
b110110000 *
1%
#18060000
0%
#18070000
b110101 a
b1100101 R
b1000010000000000100010100000000000010100000000001000000010 ;
0C
b1100101 P
b100000 $
b100000 2
b100000 j
b10 U
b1010 S
b10101100 N
b11001010 M
b10000100 W
b110110001 *
1%
#18080000
0%
#18090000
b1000010100000000100011010100000000010100000000001000000010 ;
b100000 $
b100000 2
b100000 j
b1111 a
b10000101 W
b1 U
b11011001 T
b10010100 _
b110101 `
b110110010 *
1%
#18100000
0%
#18110000
b10110111 a
b11011101 R
b1000011000000000100011010100000000010100000000001000000010 ;
0C
b11011101 P
b100000 $
b100000 2
b100000 j
b10 U
b100 S
b1001001 N
b10010100 M
b10000110 W
b110110011 *
1%
#18120000
0%
#18130000
b1000011100000000101011011100000000010100000000001000000010 ;
b100000 $
b100000 2
b100000 j
b10110010 a
b10000111 W
b1 U
b11011010 T
b101000 _
b10110111 `
b110110100 *
1%
#18140000
0%
#18150000
b1111011 a
b10100 R
b1000100000000000101011011100000000010100000000001000000010 ;
0C
b10100 P
b100000 $
b100000 2
b100000 j
b10 U
b1000 S
b10000010 N
b101000 M
b10001000 W
b110110101 *
1%
#18160000
0%
#18170000
b1000100100000000100111101100000000010100000000001000000010 ;
b100000 $
b100000 2
b100000 j
b11100010 a
b10001001 W
b1 U
b11011011 T
b1010000 _
b1111011 `
b110110110 *
1%
#18180000
0%
#18190000
b10100011 a
b1010101 R
b1000101000000000100111101100000000010100000000001000000010 ;
0C
b1010101 P
b100000 $
b100000 2
b100000 j
b10 U
b0 S
b101 N
b1010000 M
b10001010 W
b110110111 *
1%
#18200000
0%
#18210000
b1000101100000000101010001100000000010100000000001000000010 ;
b100000 $
b100000 2
b100000 j
b10010 a
b10001011 W
b1 U
b11011100 T
b10100001 _
b10100011 `
b110111000 *
1%
#18220000
0%
#18230000
b11000000 a
b10000111 R
b1000110000000000101010001100000000010100000000001000000010 ;
0C
b10000111 P
b100000 $
b100000 2
b100000 j
b10 U
b1 S
b11010 N
b10100001 M
b10001100 W
b110111001 *
1%
#18240000
0%
#18250000
b1000110100000000101100000000000000010100000000001000000010 ;
b100000 $
b100000 2
b100000 j
b110 a
b10001101 W
b1 U
b11011101 T
b1000010 _
b11000000 `
b110111010 *
1%
#18260000
0%
#18270000
b10000001 a
b0 R
b1000111000000000101100000000000000010100000000001000000010 ;
0C
b0 P
b100000 $
b100000 2
b100000 j
b10 U
b10 S
b100100 N
b1000010 M
b10001110 W
b110111011 *
1%
#18280000
0%
#18290000
b1000111100000000101000000100000000010100000000001000000010 ;
b100000 $
b100000 2
b100000 j
b11 a
b10001111 W
b1 U
b11011110 T
b10000100 _
b10000001 `
b110111100 *
1%
#18300000
0%
#18310000
b11001111 a
b11001100 R
b1001000000000000101000000100000000010100000000001000000010 ;
0C
b11001100 P
b100000 $
b100000 2
b100000 j
b10 U
b100 S
b1001000 N
b10000100 M
b10010000 W
b110111101 *
1%
#18320000
0%
#18330000
b1001000100000000101100111100000000010100000000001000000010 ;
b100000 $
b100000 2
b100000 j
b1010011 a
b10010001 W
b1 U
b11011111 T
b1001 _
b11001111 `
b110111110 *
1%
#18340000
0%
#18350000
b10001101 a
b10010 R
b1001001000000000101100111100000000010100000000001000000010 ;
0C
b10010 P
b100000 $
b100000 2
b100000 j
b10 U
b1001 S
b10010000 N
b1001 M
b10010010 W
b110111111 *
1%
#18360000
0%
#18370000
b1001001100000000101000110100000000010100000000001000000010 ;
b100000 $
b100000 2
b100000 j
b1001 a
b10010011 W
b1 U
b11100000 T
b10011 _
b10001101 `
b111000000 *
1%
#18380000
0%
#18390000
b101000 a
b110011 R
b1001010000000000101000110100000000010100000000001000000010 ;
0C
b110011 P
b100000 $
b100000 2
b100000 j
b10 U
b11 S
b110001 N
b10011 M
b10010100 W
b111000001 *
1%
#18400000
0%
#18410000
b1001010100000000100010100000000000010100000000001000000010 ;
b100000 $
b100000 2
b100000 j
b1100011 a
b10010101 W
b1 U
b11100001 T
b100111 _
b101000 `
b111000010 *
1%
#18420000
0%
#18430000
b1000011 a
b10011 R
b1001011000000000100010100000000000010100000000001000000010 ;
0C
b10011 P
b100000 $
b100000 2
b100000 j
b10 U
b111 S
b1110010 N
b100111 M
b10010110 W
b111000011 *
1%
#18440000
0%
#18450000
b1001011100000000100100001100000000010100000000001000000010 ;
b100000 $
b100000 2
b100000 j
b10010101 a
b10010111 W
b1 U
b11100010 T
b1001111 _
b1000011 `
b111000100 *
1%
#18460000
0%
#18470000
b11011101 a
b1011011 R
b1001100000000000100100001100000000010100000000001000000010 ;
0C
b1011011 P
b100000 $
b100000 2
b100000 j
b10 U
b1111 S
b11110100 N
b1001111 M
b10011000 W
b111000101 *
1%
#18480000
0%
#18490000
b1001100100000000101101110100000000010100000000001000000010 ;
b100000 $
b100000 2
b100000 j
b11100000 a
b10011001 W
b1 U
b11100011 T
b10011111 _
b11011101 `
b111000110 *
1%
#18500000
0%
#18510000
b11101 a
b10100110 R
b1001101000000000101101110100000000010100000000001000000010 ;
0C
b10100110 P
b100000 $
b100000 2
b100000 j
b10 U
b11111001 N
b10011111 M
b10011010 W
b111000111 *
1%
#18520000
0%
#18530000
b1001101100000000100001110100000000010100000000001000000010 ;
b100000 $
b100000 2
b100000 j
b10011100 a
b10011011 W
b1 U
b11100100 T
b111111 _
b11101 `
b111001000 *
1%
#18540000
0%
#18550000
b1110110 a
b1001100 R
b1001110000000000100001110100000000010100000000001000000010 ;
0C
b1001100 P
b100000 $
b100000 2
b100000 j
b10 U
b11110011 N
b111111 M
b10011100 W
b111001001 *
1%
#18560000
0%
#18570000
b1001110100000000100111011000000000010100000000001000000010 ;
b100000 $
b100000 2
b100000 j
b10100000 a
b10011101 W
b1 U
b11100101 T
b1111111 _
b1110110 `
b111001010 *
1%
#18580000
0%
#18590000
b1100100 a
b10001000 R
b1001111000000000100111011000000000010100000000001000000010 ;
0C
b10001000 P
b100000 $
b100000 2
b100000 j
b10 U
b11110111 N
b1111111 M
b10011110 W
b111001011 *
1%
#18600000
0%
#18610000
b1001111100000000100110010000000000010100000000001000000010 ;
b100000 $
b100000 2
b100000 j
b1000000 a
b10011111 W
b1 U
b11100110 T
b11111111 _
b1100100 `
b111001100 *
1%
#18620000
0%
#18630000
b11001000 a
b0 R
b1010000000000000100110010000000000010100000000001000000010 ;
0C
b0 P
b100000 $
b100000 2
b100000 j
b10 U
b11111111 N
b11111111 M
b10100000 W
b111001101 *
1%
#18640000
0%
#18650000
b1010000100000000101100100000000000010100000000001000000010 ;
b100000 $
b100000 2
b100000 j
b10010001 a
b10100001 W
b1 U
b11100111 T
b11111110 _
b11001000 `
b111001110 *
1%
#18660000
0%
#18670000
b1111100 a
b11101101 R
b1010001000000000101100100000000000010100000000001000000010 ;
0C
b11101101 P
b100000 $
b100000 2
b100000 j
b10 U
b1110 S
b11101111 N
b11111110 M
b10100010 W
b111001111 *
1%
#18680000
0%
#18690000
b1010001100000000100111110000000000010100000000001000000010 ;
b100000 $
b100000 2
b100000 j
b10101 a
b10100011 W
b1 U
b11101000 T
b11111100 _
b1111100 `
b111010000 *
1%
#18700000
0%
#18710000
b110111 a
b11001111 R
b1010010000000000100111110000000000010100000000001000000010 ;
0C
b11001111 P
b100000 $
b100000 2
b100000 j
b10 U
b1100 S
b11001111 N
b11111100 M
b10100100 W
b111010001 *
1%
#18720000
0%
#18730000
b1010010100000000100011011100000000010100000000001000000010 ;
b100000 $
b100000 2
b100000 j
b10100001 a
b10100101 W
b1 U
b11101001 T
b11111000 _
b110111 `
b111010010 *
1%
#18740000
0%
#18750000
b10010010 a
b11111100 R
b1010011000000000100011011100000000010100000000001000000010 ;
0C
b11111100 P
b100000 $
b100000 2
b100000 j
b10 U
b1000 S
b10001111 N
b11111000 M
b10100110 W
b111010011 *
1%
#18760000
0%
#18770000
b1010011100000000101001001000000000010100000000001000000010 ;
b100000 $
b100000 2
b100000 j
b11011001 a
b10100111 W
b1 U
b11101010 T
b11110000 _
b10010010 `
b111010100 *
1%
#18780000
0%
#18790000
b11011010 a
b11111111 R
b1010100000000000101001001000000000010100000000001000000010 ;
0C
b11111111 P
b100000 $
b100000 2
b100000 j
b10 U
b0 S
b1111 N
b11110000 M
b10101000 W
b111010101 *
1%
#18800000
0%
#18810000
b1010100100000000101101101000000000010100000000001000000010 ;
b100000 $
b100000 2
b100000 j
b1001010 a
b10101001 W
b1 U
b11101011 T
b11100001 _
b11011010 `
b111010110 *
1%
#18820000
0%
#18830000
b1110110 a
b11000011 R
b1010101000000000101101101000000000010100000000001000000010 ;
0C
b11000011 P
b100000 $
b100000 2
b100000 j
b10 U
b1 S
b11110 N
b11100001 M
b10101010 W
b111010111 *
1%
#18840000
0%
#18850000
b1010101100000000100111011000000000010100000000001000000010 ;
b100000 $
b100000 2
b100000 j
b101111 a
b10101011 W
b1 U
b11101100 T
b11000010 _
b1110110 `
b111011000 *
1%
#18860000
0%
#18870000
b11101100 a
b0 R
b1010110000000000100111011000000000010100000000001000000010 ;
0C
b0 P
b100000 $
b100000 2
b100000 j
b10 U
b10 S
b101100 N
b11000010 M
b10101100 W
b111011001 *
1%
#18880000
0%
#18890000
b1010110100000000101110110000000000010100000000001000000010 ;
b100000 $
b100000 2
b100000 j
b11011001 a
b10101101 W
b1 U
b11101101 T
b10000101 _
b11101100 `
b111011010 *
1%
#18900000
0%
#18910000
b10100011 a
b1111010 R
b1010111000000000101110110000000000010100000000001000000010 ;
0C
b1111010 P
b100000 $
b100000 2
b100000 j
b10 U
b101 S
b1011000 N
b10000101 M
b10101110 W
b111011011 *
1%
#18920000
0%
#18930000
b1010111100000000101010001100000000010100000000001000000010 ;
b100000 $
b100000 2
b100000 j
b111101 a
b10101111 W
b1 U
b11101110 T
b1011 _
b10100011 `
b111011100 *
1%
#18940000
0%
#18950000
b1000111 a
b0 R
b1011000000000000101010001100000000010100000000001000000010 ;
0C
b0 P
b100000 $
b100000 2
b100000 j
b10 U
b1011 S
b10110000 N
b1011 M
b10110000 W
b111011101 *
1%
#18960000
0%
#18970000
b1011000100000000100100011100000000010100000000001000000010 ;
b100000 $
b100000 2
b100000 j
b10001110 a
b10110001 W
b1 U
b11101111 T
b10111 _
b1000111 `
b111011110 *
1%
#18980000
0%
#18990000
b10000101 a
b1011 R
b1011001000000000100100011100000000010100000000001000000010 ;
0C
b1011 P
b100000 $
b100000 2
b100000 j
b10 U
b111 S
b1110001 N
b10111 M
b10110010 W
b111011111 *
1%
#19000000
0%
#19010000
b1011001100000000101000010100000000010100000000001000000010 ;
b100000 $
b100000 2
b100000 j
b0 a
b10110011 W
b1 U
b11110000 T
b101111 _
b10000101 `
b111100000 *
1%
#19020000
0%
#19030000
b110110 a
b111101 R
b1011010000000000101000010100000000010100000000001000000010 ;
0C
b111101 P
b100000 $
b100000 2
b100000 j
b10 U
b1111 S
b11110010 N
b101111 M
b10110100 W
b111100001 *
1%
#19040000
0%
#19050000
b1011010100000000100011011000000000010100000000001000000010 ;
b100000 $
b100000 2
b100000 j
b1010001 a
b10110101 W
b1 U
b11110001 T
b1011110 _
b110110 `
b111100010 *
1%
#19060000
0%
#19070000
b101111 a
b1000011 R
b1011011000000000100011011000000000010100000000001000000010 ;
0C
b1000011 P
b100000 $
b100000 2
b100000 j
b10 U
b1110 S
b11100101 N
b1011110 M
b10110110 W
b111100011 *
1%
#19080000
0%
#19090000
b1011011100000000100010111100000000010100000000001000000010 ;
b100000 $
b100000 2
b100000 j
b11101 a
b10110111 W
b1 U
b11110010 T
b10111100 _
b101111 `
b111100100 *
1%
#19100000
0%
#19110000
b11100010 a
b10111100 R
b1011100000000000100010111100000000010100000000001000000010 ;
0C
b10111100 P
b100000 $
b100000 2
b100000 j
b10 U
b1100 S
b11001011 N
b10111100 M
b10111000 W
b111100101 *
1%
#19120000
0%
#19130000
b1011100100000000101110001000000000010100000000001000000010 ;
b100000 $
b100000 2
b100000 j
b1111001 a
b10111001 W
b1 U
b11110011 T
b1111000 _
b11100010 `
b111100110 *
1%
#19140000
0%
#19150000
b11111001 a
b111100 R
b1011101000000000101110001000000000010100000000001000000010 ;
0C
b111100 P
b100000 $
b100000 2
b100000 j
b10 U
b1000 S
b10000111 N
b1111000 M
b10111010 W
b111100111 *
1%
#19160000
0%
#19170000
b1011101100000000101111100100000000010100000000001000000010 ;
b100000 $
b100000 2
b100000 j
b11001111 a
b10111011 W
b1 U
b11110100 T
b11110001 _
b11111001 `
b111101000 *
1%
#19180000
0%
#19190000
b100001 a
b11010010 R
b1011110000000000101111100100000000010100000000001000000010 ;
0C
b11010010 P
b100000 $
b100000 2
b100000 j
b10 U
b1 S
b11111 N
b11110001 M
b10111100 W
b111101001 *
1%
#19200000
0%
#19210000
b1011110100000000100010000100000000010100000000001000000010 ;
b100000 $
b100000 2
b100000 j
b10010000 a
b10111101 W
b1 U
b11110101 T
b11100011 _
b100001 `
b111101010 *
1%
#19220000
0%
#19230000
b10111101 a
b11111111 R
b1011111000000000100010000100000000010100000000001000000010 ;
0C
b11111111 P
b100000 $
b100000 2
b100000 j
b10 U
b11 S
b111110 N
b11100011 M
b10111110 W
b111101011 *
1%
#19240000
0%
#19250000
b1011111100000000101011110100000000010100000000001000000010 ;
b100000 $
b100000 2
b100000 j
b10000100 a
b10111111 W
b1 U
b11110110 T
b11000110 _
b10111101 `
b111101100 *
1%
#19260000
0%
#19270000
b11110111 a
b10001100 R
b1100000000000000101011110100000000010100000000001000000010 ;
0C
b10001100 P
b100000 $
b100000 2
b100000 j
b10 U
b110 S
b1101100 N
b11000110 M
b11000000 W
b111101101 *
1%
#19280000
0%
#19290000
b1100000100000000101111011100000000010100000000001000000010 ;
b100000 $
b100000 2
b100000 j
b1100011 a
b11000001 W
b1 U
b11110111 T
b10001101 _
b11110111 `
b111101110 *
1%
#19300000
0%
#19310000
b110111 a
b11011000 R
b1100001000000000101111011100000000010100000000001000000010 ;
0C
b11011000 P
b100000 $
b100000 2
b100000 j
b10 U
b1101 S
b11011000 N
b10001101 M
b11000010 W
b111101111 *
1%
#19320000
0%
#19330000
b1100001100000000100011011100000000010100000000001000000010 ;
b100000 $
b100000 2
b100000 j
b10110110 a
b11000011 W
b1 U
b11111000 T
b11010 _
b110111 `
b111110000 *
1%
#19340000
0%
#19350000
b1100011 a
b1101 R
b1100010000000000100011011100000000010100000000001000000010 ;
0C
b1101 P
b100000 $
b100000 2
b100000 j
b10 U
b1010 S
b10100001 N
b11010 M
b11000100 W
b111110001 *
1%
#19360000
0%
#19370000
b1100010100000000100110001100000000010100000000001000000010 ;
b100000 $
b100000 2
b100000 j
b11001011 a
b11000101 W
b1 U
b11111001 T
b110100 _
b1100011 `
b111110010 *
1%
#19380000
0%
#19390000
b10110001 a
b1110111 R
b1100011000000000100110001100000000010100000000001000000010 ;
0C
b1110111 P
b100000 $
b100000 2
b100000 j
b10 U
b100 S
b1000011 N
b110100 M
b11000110 W
b111110011 *
1%
#19400000
0%
#19410000
b1100011100000000101011000100000000010100000000001000000010 ;
b100000 $
b100000 2
b100000 j
b10100 a
b11000111 W
b1 U
b11111010 T
b1101000 _
b10110001 `
b111110100 *
1%
#19420000
0%
#19430000
b1010111 a
b110100 R
b1100100000000000101011000100000000010100000000001000000010 ;
0C
b110100 P
b100000 $
b100000 2
b100000 j
b10 U
b1000 S
b10000110 N
b1101000 M
b11001000 W
b111110101 *
1%
#19440000
0%
#19450000
b1100100100000000100101011100000000010100000000001000000010 ;
b100000 $
b100000 2
b100000 j
b10011010 a
b11001001 W
b1 U
b11111011 T
b11010000 _
b1010111 `
b111110110 *
1%
#19460000
0%
#19470000
b1110011 a
b11011101 R
b1100101000000000100101011100000000010100000000001000000010 ;
0C
b11011101 P
b100000 $
b100000 2
b100000 j
b10 U
b0 S
b1101 N
b11010000 M
b11001010 W
b111110111 *
1%
#19480000
0%
#19490000
b1100101100000000100111001100000000010100000000001000000010 ;
b100000 $
b100000 2
b100000 j
b111011 a
b11001011 W
b1 U
b11111100 T
b10100000 _
b1110011 `
b111111000 *
1%
#19500000
0%
#19510000
b1001100 a
b10101010 R
b1100110000000000100111001100000000010100000000001000000010 ;
0C
b10101010 P
b100000 $
b100000 2
b100000 j
b10 U
b1010 N
b10100000 M
b11001100 W
b111111001 *
1%
#19520000
0%
#19530000
b1100110100000000100100110000000000010100000000001000000010 ;
b100000 $
b100000 2
b100000 j
b110010 a
b11001101 W
b1 U
b11111101 T
b1000000 _
b1001100 `
b111111010 *
1%
#19540000
0%
#19550000
b11011100 a
b1000100 R
b1100111000000000100100110000000000010100000000001000000010 ;
0C
b1000100 P
b100000 $
b100000 2
b100000 j
b10 U
b100 N
b1000000 M
b11001110 W
b111111011 *
1%
#19560000
0%
#19570000
b1100111100000000101101110000000000010100000000001000000010 ;
b100000 $
b100000 2
b100000 j
b11111101 a
b11001111 W
b1 U
b11111110 T
b10000000 _
b11011100 `
b111111100 *
1%
#19580000
0%
#19590000
b110001 a
b10001000 R
b1101000000000000101101110000000000010100000000001000000010 ;
0C
b10001000 P
b100000 $
b100000 2
b100000 j
b10 U
b1000 N
b10000000 M
b11010000 W
b111111101 *
1%
#19600000
0%
#19610000
b1101000100000000100011000100000000010100000000001000000010 ;
b100000 $
b100000 2
b100000 j
b11101010 a
b11010001 W
b1 U
b11111111 T
b1 _
b110001 `
b111111110 *
1%
#19620000
0%
#19630000
b10010011 a
b11110001 R
b1101001000000000100011000100000000010100000000001000000010 ;
0C
b11110001 P
b100000 $
b100000 2
b100000 j
b10 U
b1 S
b10000 N
b1 M
b11010010 W
b111111111 *
1%
#19640000
0%
#19650000
b1101001100000000101001001100000000010100000000001000000010 ;
b100000 $
b100000 2
b100000 j
b11010110 a
b11010011 W
b11 U
b10 _
b10010011 `
b1000000000 *
1%
#19660000
0%
#19670000
b1101010000000000111001001100000000010100000000001000000010 ;
b110000 $
b110000 2
b110000 j
b0 U
1O
b11010100 W
b1000000001 *
1%
#19680000
0%
#19690000
b1101010100000000111001001100000000010100000000001000000010 ;
b110000 $
b110000 2
b110000 j
b11010101 W
b10110 +
b1000000010 *
1%
#19700000
0%
#19710000
b1101011000000000111001001100000000010100000000001000000010 ;
b110000 $
b110000 2
b110000 j
b11010110 W
1%
#19711000
b0 Y
b0 R
b0 ^
b100000000000000000000000000000000000000000 ;
b0 [
b0 \
0C
b0 P
b100000 $
b100000 2
b100000 j
b0 a
b0 K
b0 L
b0 9
b0 :
b0 W
0O
b0 S
b0 N
b0 M
b0 T
b0 `
b1 _
b0 #
b0 4
b0 J
b0 d
b0 c
b0 i
0&
b11001 +
#19720000
0%
#19730000
1%
#19740000
0%
#19750000
1%
#19760000
0%
#19770000
1%
#19780000
0%
#19790000
1%
#19800000
0%
#19810000
b100000000100000000000000000000000000000000000000000 ;
b1 W
b0 $
b0 2
b0 j
1?
b10 5
1&
b10000001 (
b10000001 0
1%
#19820000
0%
#19830000
b1000000000100000000000000000000000000000000000000000 ;
b10 W
1%
#19840000
0%
#19850000
b1100000000100000000000000000000000000000000000000000 ;
b11 W
1%
#19860000
0%
#19870000
b10000000000100000000000000000000000000000000000000000 ;
b100 W
1B
b10000000 '
b10000000 /
1%
#19880000
0%
#19890000
b10100000000100000000000000000000000000000000000000000 ;
b1 U
b101 W
0B
b0 *
b0 '
b0 /
1%
#19900000
0%
#19910000
b11110000 a
b11000000000100000000000000000000000000000000000000000 ;
b11110000 R
1C
b11110001 P
b110 W
b10 U
b1 S
b10000 N
b1 M
b1 *
1%
#19920000
0%
#19930000
b11100000000101111000000000000000000000000000000000000 ;
b10001 a
b1 U
b1 T
b10 _
b11110000 `
1Q
b111 W
b10 *
1%
#19940000
0%
#19950000
b11100001 a
b100000000000101111000000000000000000000000000000000000 ;
0C
b0 R
b0 P
b1000 W
b10 U
b10 S
b100000 N
b10 M
b11 *
1%
#19960000
0%
#19970000
b100100000000101110000100000000000000000000000000000000 ;
b11000011 a
b1 U
b10 T
b100 _
b11100001 `
b1001 W
b100 *
1%
#19980000
0%
#19990000
b10000111 a
b101000000000101110000100000000000000000000000000000000 ;
b1000100 R
0C
b1000100 P
b1010 W
b10 U
b100 S
b1000000 N
b100 M
b101 *
1%
#20000000
0%
#20010000
b101100000000101000011100000000000000000000000000000000 ;
b1001011 a
b1 U
b11 T
b1000 _
b10000111 `
b1011 W
b110 *
1%
#20020000
0%
#20030000
b1011 a
b110000000000101000011100000000000000000000000000000000 ;
b100 R
0C
b100 P
b1100 W
b10 U
b1000 S
b10000000 N
b1000 M
b111 *
1%
#20040000
0%
#20050000
b110100000000100000101100000000000000000000000000000000 ;
b10010 a
b1 U
b100 T
b10001 _
b1011 `
b1101 W
b1000 *
1%
#20060000
0%
#20070000
b10110 a
b111000000000100000101100000000000000000000000000000000 ;
b0 R
0C
b0 P
b1110 W
b10 U
b1 S
b10001 N
b10001 M
b1001 *
1%
#20080000
0%
#20090000
b111100000000100001011000000000000000000000000000000000 ;
b101100 a
b1 U
b101 T
b100011 _
b10110 `
b1111 W
b1010 *
1%
#20100000
0%
#20110000
b11110 a
b1000000000000100001011000000000000000000000000000000000 ;
b110010 R
1C
b110011 P
b10000 W
b10 U
b11 S
b110010 N
b100011 M
b1011 *
1%
#20120000
0%
#20130000
b1000100000000100001111000000000000000000000000000000000 ;
b1110 a
b1 U
b110 T
b1000111 _
b11110 `
b10001 W
b1100 *
1%
#20140000
0%
#20150000
b11110 a
b1001000000000100001111000000000000000000000000000000000 ;
1C
b100010 R
b100011 P
b10010 W
b10 U
b111 S
b1110100 N
b1000111 M
b1101 *
1%
#20160000
0%
#20170000
b1001100000000100001111000000000000000000000000000000000 ;
b1 U
b111 T
b10001110 _
b10011 W
b1110 *
1%
#20180000
0%
#20190000
b1001010 a
b1010000000000100001111000000000000000000000000000000000 ;
0C
b1110110 R
b1110110 P
b10100 W
b10 U
b1110 S
b11101000 N
b10001110 M
b1111 *
1%
#20200000
0%
#20210000
b1010100000000100100101000000000000000000000000000000000 ;
b11100010 a
b1 U
b1000 T
b11100 _
b1001010 `
b10101 W
b10000 *
1%
#20220000
0%
#20230000
b10001000 a
b1011000000000100100101000000000000000000000000000000000 ;
b11100 R
0C
b11100 P
b10110 W
b10 U
b1100 S
b11000001 N
b11100 M
b10001 *
1%
#20240000
0%
#20250000
b1011100000000101000100000000000000000000000000000000000 ;
b1101 a
b1 U
b1001 T
b111000 _
b10001000 `
b10111 W
b10010 *
1%
#20260000
0%
#20270000
b1100000000000101000100000000000000000000000000000000000 ;
0C
b11100 P
b11000 W
b10 U
b1000 S
b10000011 N
b111000 M
b10011 *
1%
#20280000
0%
#20290000
b1100100000000100000110100000000000000000000000000000000 ;
b110 a
b1 U
b1010 T
b1110001 _
b1101 `
b11001 W
b10100 *
1%
#20300000
0%
#20310000
b1000000 a
b1101000000000100000110100000000000000000000000000000000 ;
b1011010 R
0C
b1011010 P
b11010 W
b10 U
b1 S
b10111 N
b1110001 M
b10101 *
1%
#20320000
0%
#20330000
b1101100000000100100000000000000000000000000000000000000 ;
b11011010 a
b1 U
b1011 T
b11100010 _
b1000000 `
b11011 W
b10110 *
1%
#20340000
0%
#20350000
b10100010 a
b1110000000000100100000000000000000000000000000000000000 ;
b100010 R
0C
b100010 P
b11100 W
b10 U
b10 S
b101110 N
b11100010 M
b10111 *
1%
#20360000
0%
#20370000
b1110100000000101010001000000000000000000000000000000000 ;
b1100111 a
b1 U
b1100 T
b11000100 _
b10100010 `
b11101 W
b11000 *
1%
#20380000
0%
#20390000
b11001101 a
b1111000000000101010001000000000000000000000000000000000 ;
b10001000 R
0C
b10001000 P
b11110 W
b10 U
b100 S
b1001100 N
b11000100 M
b11001 *
1%
#20400000
0%
#20410000
b1111100000000101100110100000000000000000000000000000000 ;
b10011 a
b1 U
b1101 T
b10001001 _
b11001101 `
b11111 W
b11010 *
1%
#20420000
0%
#20430000
b10001001 a
b10000000000000101100110100000000000000000000000000000000 ;
b10010 R
1C
b10011 P
b100000 W
b10 U
b1001 S
b10011000 N
b10001001 M
b11011 *
1%
#20440000
0%
#20450000
b10000100000000101000100100000000000000000000000000000000 ;
b1 a
b1 U
b1110 T
b10010 _
b10001001 `
b100001 W
b11100 *
1%
#20460000
0%
#20470000
b10011 a
b10001000000000101000100100000000000000000000000000000000 ;
0C
b0 R
b0 P
b100010 W
b10 U
b10 S
b100001 N
b10010 M
b11101 *
1%
#20480000
0%
#20490000
b10001100000000100001001100000000000000000000000000000000 ;
b100110 a
b1 U
b1111 T
b100101 _
b10011 `
b100011 W
b11110 *
1%
#20500000
0%
#20510000
b11111100 a
b10010000000000100001001100000000000000000000000000000000 ;
b11011010 R
0C
b11011010 P
b100100 W
b10 U
b101 S
b1010010 N
b100101 M
b11111 *
1%
#20520000
0%
#20530000
b10010100000000101111110000000000000000000000000000000000 ;
b100011 a
b1 U
b10000 T
b1001011 _
b11111100 `
b100101 W
b100000 *
1%
#20540000
0%
#20550000
b11111001 a
b10011000000000101111110000000000000000000000000000000000 ;
b0 R
0C
b0 P
b100110 W
b10 U
b1011 S
b10110100 N
b1001011 M
b100001 *
1%
#20560000
0%
#20570000
b10011100000000101111100100000000000000000000000000000000 ;
b11110011 a
b1 U
b10001 T
b10010111 _
b11111001 `
b100111 W
b100010 *
1%
#20580000
0%
#20590000
b10111001 a
b10100000000000101111100100000000000000000000000000000000 ;
b1001010 R
1C
b1001011 P
b101000 W
b10 U
b111 S
b1111001 N
b10010111 M
b100011 *
1%
#20600000
0%
#20610000
b10100100000000101011100100000000000000000000000000000000 ;
b111001 a
b1 U
b10010 T
b101110 _
b10111001 `
b101001 W
b100100 *
1%
#20620000
0%
#20630000
b1100011 a
b10101000000000101011100100000000000000000000000000000000 ;
0C
b10000 R
b10000 P
b101010 W
b10 U
b1110 S
b11100010 N
b101110 M
b100101 *
1%
#20640000
0%
#20650000
b10101100000000100110001100000000000000000000000000000000 ;
b11010110 a
b1 U
b10011 T
b1011100 _
b1100011 `
b101011 W
b100110 *
1%
#20660000
0%
#20670000
b10011010 a
b10110000000000100110001100000000000000000000000000000000 ;
b1011100 R
0C
b1011100 P
b101100 W
b10 U
b1100 S
b11000101 N
b1011100 M
b100111 *
1%
#20680000
0%
#20690000
b10110100000000101001101000000000000000000000000000000000 ;
b1101001 a
b1 U
b10100 T
b10111000 _
b10011010 `
b101101 W
b101000 *
1%
#20700000
0%
#20710000
b11101001 a
b10111000000000101001101000000000000000000000000000000000 ;
b11011100 R
0C
b11011100 P
b101110 W
b10 U
b1000 S
b10001011 N
b10111000 M
b101001 *
1%
#20720000
0%
#20730000
b10111100000000101110100100000000000000000000000000000000 ;
b1111 a
b1 U
b10101 T
b1110000 _
b11101001 `
b101111 W
b101010 *
1%
#20740000
0%
#20750000
b10100101 a
b11000000000000101110100100000000000000000000000000000000 ;
b1110110 R
1C
b1110111 P
b110000 W
b10 U
b0 S
b111 N
b1110000 M
b101011 *
1%
#20760000
0%
#20770000
b11000100000000101010010100000000000000000000000000000000 ;
b111101 a
b1 U
b10110 T
b11100000 _
b10100101 `
b110001 W
b101100 *
1%
#20780000
0%
#20790000
b10100101 a
b11001000000000101010010100000000000000000000000000000000 ;
0C
b11101110 R
b11101110 P
b110010 W
b10 U
b1110 N
b11100000 M
b101101 *
1%
#20800000
0%
#20810000
b11001100000000101010010100000000000000000000000000000000 ;
b1 U
b10111 T
b11000000 _
b110011 W
b101110 *
1%
#20820000
0%
#20830000
b10000111 a
b11010000000000101010010100000000000000000000000000000000 ;
b11001100 R
0C
b11001100 P
b110100 W
b10 U
b1100 N
b11000000 M
b101111 *
1%
#20840000
0%
#20850000
b11010100000000101000011100000000000000000000000000000000 ;
b11000011 a
b1 U
b11000 T
b10000001 _
b10000111 `
b110101 W
b110000 *
1%
#20860000
0%
#20870000
b1100111 a
b11011000000000101000011100000000000000000000000000000000 ;
b1101000 R
1C
b1101001 P
b110110 W
b10 U
b1 S
b11000 N
b10000001 M
b110001 *
1%
#20880000
0%
#20890000
b11011100000000100110011100000000000000000000000000000000 ;
b10100110 a
b1 U
b11001 T
b11 _
b1100111 `
b110111 W
b110010 *
1%
#20900000
0%
#20910000
b11111100 a
b11100000000000100110011100000000000000000000000000000000 ;
1C
b110010 R
b110011 P
b111000 W
b10 U
b11 S
b110000 N
b11 M
b110011 *
1%
#20920000
0%
#20930000
b11100100000000101111110000000000000000000000000000000000 ;
b11001011 a
b1 U
b11010 T
b110 _
b11111100 `
b111001 W
b110100 *
1%
#20940000
0%
#20950000
b11110101 a
b11101000000000101111110000000000000000000000000000000000 ;
0C
b1100 R
b1100 P
b111010 W
b10 U
b110 S
b1100000 N
b110 M
b110101 *
1%
#20960000
0%
#20970000
b11101100000000101111010100000000000000000000000000000000 ;
b11100111 a
b1 U
b11011 T
b1100 _
b11110101 `
b111011 W
b110110 *
1%
#20980000
0%
#20990000
b11110000000000101111010100000000000000000000000000000000 ;
0C
b1100 P
b111100 W
b10 U
b1100 S
b11000000 N
b1100 M
b110111 *
1%
#21000000
0%
#21010000
b11110100000000101110011100000000000000000000000000000000 ;
b11000011 a
b1 U
b11100 T
b11001 _
b11100111 `
b111101 W
b111000 *
1%
#21020000
0%
#21030000
b11111101 a
b11111000000000101110011100000000000000000000000000000000 ;
b110010 R
0C
b110010 P
b111110 W
b10 U
b1001 S
b10010001 N
b11001 M
b111001 *
1%
#21040000
0%
#21050000
b11111100000000101111110100000000000000000000000000000000 ;
b11001001 a
b1 U
b11101 T
b110010 _
b11111101 `
b111111 W
b111010 *
1%
#21060000
0%
#21070000
b11011001 a
b100000000000000101111110100000000000000000000000000000000 ;
b100010 R
0C
b100010 P
b1000000 W
b10 U
b10 S
b100011 N
b110010 M
b111011 *
1%
#21080000
0%
#21090000
b100000100000000101101100100000000000000000000000000000000 ;
b10010001 a
b1 U
b11110 T
b1100100 _
b11011001 `
b1000001 W
b111100 *
1%
#21100000
0%
#21110000
b100001000000000101101100100000000000000000000000000000000 ;
0C
b100010 P
b1000010 W
b10 U
b100 S
b1000110 N
b1100100 M
b111101 *
1%
#21120000
0%
#21130000
b100001100000000101001000100000000000000000000000000000000 ;
b1 a
b1 U
b11111 T
b11001001 _
b10010001 `
b1000011 W
b111110 *
1%
#21140000
0%
#21150000
b10110001 a
b100010000000000101001000100000000000000000000000000000000 ;
b10010010 R
1C
b10010011 P
b1000100 W
b10 U
b1001 S
b10011100 N
b11001001 M
b111111 *
1%
#21160000
0%
#21170000
b100010100000000101011000100000000000000000000000000000000 ;
b11110001 a
b1 U
b100000 T
b10010010 _
b10110001 `
b1000101 W
b1000000 *
1%
#21180000
0%
#21190000
b1100011 a
b100011000000000101011000100000000000000000000000000000000 ;
0C
b0 R
b0 P
b1000110 W
b10 U
b10 S
b101001 N
b10010010 M
b1000001 *
1%
#21200000
0%
#21210000
b100011100000000100110001100000000000000000000000000000000 ;
b11000110 a
b1 U
b100001 T
b100100 _
b1100011 `
b1000111 W
b1000010 *
1%
#21220000
0%
#21230000
b10100000 a
b100100000000000100110001100000000000000000000000000000000 ;
b1100110 R
0C
b1100110 P
b1001000 W
b10 U
b100 S
b1000010 N
b100100 M
b1000011 *
1%
#21240000
0%
#21250000
b100100100000000101010000000000000000000000000000000000000 ;
b100111 a
b1 U
b100010 T
b1001001 _
b10100000 `
b1001001 W
b1000100 *
1%
#21260000
0%
#21270000
b11010011 a
b100101000000000101010000000000000000000000000000000000000 ;
b10010010 R
0C
b10010010 P
b1001010 W
b10 U
b1001 S
b10010100 N
b1001001 M
b1000101 *
1%
#21280000
0%
#21290000
b100101100000000101101001100000000000000000000000000000000 ;
b110101 a
b1 U
b100011 T
b10010011 _
b11010011 `
b1001011 W
b1000110 *
1%
#21300000
0%
#21310000
b11101 a
b100110000000000101101001100000000000000000000000000000000 ;
b10111010 R
1C
b10111011 P
b1001100 W
b10 U
b11 S
b111001 N
b10010011 M
b1000111 *
1%
#21320000
0%
#21330000
b100110100000000100001110100000000000000000000000000000000 ;
b10000000 a
b1 U
b100100 T
b100110 _
b11101 `
b1001101 W
b1001000 *
1%
#21340000
0%
#21350000
b1110110 a
b100111000000000100001110100000000000000000000000000000000 ;
0C
b1001100 R
b1001100 P
b1001110 W
b10 U
b110 S
b1100010 N
b100110 M
b1001001 *
1%
#21360000
0%
#21370000
b100111100000000100111011000000000000000000000000000000000 ;
b10100000 a
b1 U
b100101 T
b1001101 _
b1110110 `
b1001111 W
b1001010 *
1%
#21380000
0%
#21390000
b111000 a
b101000000000000100111011000000000000000000000000000000000 ;
b11010100 R
0C
b11010100 P
b1010000 W
b10 U
b1101 S
b11010100 N
b1001101 M
b1001011 *
1%
#21400000
0%
#21410000
b101000100000000100011100000000000000000000000000000000000 ;
b10100100 a
b1 U
b100110 T
b10011011 _
b111000 `
b1010001 W
b1001100 *
1%
#21420000
0%
#21430000
b1110000 a
b101001000000000100011100000000000000000000000000000000000 ;
b0 R
1C
b1 P
b1010010 W
b10 U
b1011 S
b10111001 N
b10011011 M
b1001101 *
1%
#21440000
0%
#21450000
b101001100000000100111000000000000000000000000000000000000 ;
b11100000 a
b1 U
b100111 T
b110111 _
b1110000 `
b1010011 W
b1001110 *
1%
#21460000
0%
#21470000
b11111010 a
b101010000000000100111000000000000000000000000000000000000 ;
b11010 R
1C
b11011 P
b1010100 W
b10 U
b111 S
b1110011 N
b110111 M
b1001111 *
1%
#21480000
0%
#21490000
b101010100000000101111101000000000000000000000000000000000 ;
b11101111 a
b1 U
b101000 T
b1101110 _
b11111010 `
b1010101 W
b1010000 *
1%
#21500000
0%
#21510000
b10100001 a
b101011000000000101111101000000000000000000000000000000000 ;
0C
b1010100 R
b1010100 P
b1010110 W
b10 U
b1110 S
b11100110 N
b1101110 M
b1010001 *
1%
#21520000
0%
#21530000
b101011100000000101010000100000000000000000000000000000000 ;
b10111 a
b1 U
b101001 T
b11011100 _
b10100001 `
b1010111 W
b1010010 *
1%
#21540000
0%
#21550000
b10001111 a
b101100000000000101010000100000000000000000000000000000000 ;
b11001100 R
1C
b11001101 P
b1011000 W
b10 U
b1100 S
b11001101 N
b11011100 M
b1010011 *
1%
#21560000
0%
#21570000
b101100100000000101000111100000000000000000000000000000000 ;
b11010011 a
b1 U
b101010 T
b10111001 _
b10001111 `
b1011001 W
b1010100 *
1%
#21580000
0%
#21590000
b1101101 a
b101101000000000101000111100000000000000000000000000000000 ;
1C
b1110010 R
b1110011 P
b1011010 W
b10 U
b1001 S
b10011011 N
b10111001 M
b1010101 *
1%
#21600000
0%
#21610000
b101101100000000100110110100000000000000000000000000000000 ;
b10101000 a
b1 U
b101011 T
b1110010 _
b1101101 `
b1011011 W
b1010110 *
1%
#21620000
0%
#21630000
b11111000 a
b101110000000000100110110100000000000000000000000000000000 ;
0C
b100010 R
b100010 P
b1011100 W
b10 U
b10 S
b100111 N
b1110010 M
b1010111 *
1%
#21640000
0%
#21650000
b101110100000000101111100000000000000000000000000000000000 ;
b11010011 a
b1 U
b101100 T
b11100100 _
b11111000 `
b1011101 W
b1011000 *
1%
#21660000
0%
#21670000
b1011011 a
b101111000000000101111100000000000000000000000000000000000 ;
b10101010 R
0C
b10101010 P
b1011110 W
b10 U
b100 S
b1001110 N
b11100100 M
b1011001 *
1%
#21680000
0%
#21690000
b101111100000000100101101100000000000000000000000000000000 ;
b11100 a
b1 U
b101101 T
b11001000 _
b1011011 `
b1011111 W
b1011010 *
1%
#21700000
0%
#21710000
b1010010 a
b110000000000000100101101100000000000000000000000000000000 ;
b11100100 R
0C
b11100100 P
b1100000 W
b10 U
b1000 S
b10001100 N
b11001000 M
b1011011 *
1%
#21720000
0%
#21730000
b110000100000000100101001000000000000000000000000000000000 ;
b1000000 a
b1 U
b101110 T
b10010000 _
b1010010 `
b1100001 W
b1011100 *
1%
#21740000
0%
#21750000
b111100 a
b110001000000000100101001000000000000000000000000000000000 ;
b10011000 R
1C
b10011001 P
b1100010 W
b10 U
b0 S
b1001 N
b10010000 M
b1011101 *
1%
#21760000
0%
#21770000
b110001100000000100011110000000000000000000000000000000000 ;
b11100000 a
b1 U
b101111 T
b100000 _
b111100 `
b1100011 W
b1011110 *
1%
#21780000
0%
#21790000
b1011010 a
b110010000000000100011110000000000000000000000000000000000 ;
0C
b100010 R
b100010 P
b1100100 W
b10 U
b10 N
b100000 M
b1011111 *
1%
#21800000
0%
#21810000
b110010100000000100101101000000000000000000000000000000000 ;
b10010110 a
b1 U
b110000 T
b1000001 _
b1011010 `
b1100101 W
b1100000 *
1%
#21820000
0%
#21830000
b10011000 a
b110011000000000100101101000000000000000000000000000000000 ;
b101100 R
1C
b101101 P
b1100110 W
b10 U
b1 S
b10100 N
b1000001 M
b1100001 *
1%
#21840000
0%
#21850000
b110011100000000101001100000000000000000000000000000000000 ;
b11101 a
b1 U
b110001 T
b10000010 _
b10011000 `
b1100111 W
b1100010 *
1%
#21860000
0%
#21870000
b110001 a
b110100000000000101001100000000000000000000000000000000000 ;
0C
b0 R
b0 P
b1101000 W
b10 U
b10 S
b101000 N
b10000010 M
b1100011 *
1%
#21880000
0%
#21890000
b110100100000000100011000100000000000000000000000000000000 ;
b1100010 a
b1 U
b110010 T
b101 _
b110001 `
b1101001 W
b1100100 *
1%
#21900000
0%
#21910000
b10011000 a
b110101000000000100011000100000000000000000000000000000000 ;
b11111010 R
0C
b11111010 P
b1101010 W
b10 U
b101 S
b1010000 N
b101 M
b1100101 *
1%
#21920000
0%
#21930000
b110101100000000101001100000000000000000000000000000000000 ;
b11001011 a
b1 U
b110011 T
b1010 _
b10011000 `
b1101011 W
b1100110 *
1%
#21940000
0%
#21950000
b110101 a
b110110000000000101001100000000000000000000000000000000000 ;
b100 R
1C
b101 P
b1101100 W
b10 U
b1010 S
b10100000 N
b1010 M
b1100111 *
1%
#21960000
0%
#21970000
b110110100000000100011010100000000000000000000000000000000 ;
b1101110 a
b1 U
b110100 T
b10101 _
b110101 `
b1101101 W
b1101000 *
1%
#21980000
0%
#21990000
b10000000 a
b110111000000000100011010100000000000000000000000000000000 ;
0C
b11101010 R
b11101010 P
b1101110 W
b10 U
b101 S
b1010001 N
b10101 M
b1101001 *
1%
#22000000
0%
#22010000
b110111100000000101000000000000000000000000000000000000000 ;
b11101011 a
b1 U
b110101 T
b101011 _
b10000000 `
b1101111 W
b1101010 *
1%
#22020000
0%
#22030000
b1 a
b111000000000000101000000000000000000000000000000000000000 ;
b0 R
0C
b0 P
b1110000 W
b10 U
b1011 S
b10110010 N
b101011 M
b1101011 *
1%
#22040000
0%
#22050000
b111000100000000100000000100000000000000000000000000000000 ;
b10 a
b1 U
b110110 T
b1010110 _
b1 `
b1110001 W
b1101100 *
1%
#22060000
0%
#22070000
b10101110 a
b111001000000000100000000100000000000000000000000000000000 ;
b10101100 R
0C
b10101100 P
b1110010 W
b10 U
b110 S
b1100101 N
b1010110 M
b1101101 *
1%
#22080000
0%
#22090000
b111001100000000101010111000000000000000000000000000000000 ;
b11110001 a
b1 U
b110111 T
b10101101 _
b10101110 `
b1110011 W
b1101110 *
1%
#22100000
0%
#22110000
b10000111 a
b111010000000000101010111000000000000000000000000000000000 ;
b11011010 R
0C
b11011010 P
b1110100 W
b10 U
b1101 S
b11011010 N
b10101101 M
b1101111 *
1%
#22120000
0%
#22130000
b111010100000000101000011100000000000000000000000000000000 ;
b11010101 a
b1 U
b111000 T
b1011011 _
b10000111 `
b1110101 W
b1110000 *
1%
#22140000
0%
#22150000
b1111 a
b111011000000000101000011100000000000000000000000000000000 ;
b0 R
0C
b0 P
b1110110 W
b10 U
b1011 S
b10110101 N
b1011011 M
b1110001 *
1%
#22160000
0%
#22170000
b111011100000000100000111100000000000000000000000000000000 ;
b11110 a
b1 U
b111001 T
b10110110 _
b1111 `
b1110111 W
b1110010 *
1%
#22180000
0%
#22190000
b1110010 a
b111100000000000100000111100000000000000000000000000000000 ;
b1101100 R
0C
b1101100 P
b1111000 W
b10 U
b110 S
b1101011 N
b10110110 M
b1110011 *
1%
#22200000
0%
#22210000
b111100100000000100111001000000000000000000000000000000000 ;
b10001000 a
b1 U
b111010 T
b1101101 _
b1110010 `
b1111001 W
b1110100 *
1%
#22220000
0%
#22230000
b110010 a
b111101000000000100111001000000000000000000000000000000000 ;
b11010110 R
0C
b11010110 P
b1111010 W
b10 U
b1101 S
b11010110 N
b1101101 M
b1110101 *
1%
#22240000
0%
#22250000
b111101100000000100011001000000000000000000000000000000000 ;
b10110010 a
b1 U
b111011 T
b11011010 _
b110010 `
b1111011 W
b1110110 *
1%
#22260000
0%
#22270000
b1000 a
b111110000000000100011001000000000000000000000000000000000 ;
b1101100 R
1C
b1101101 P
b1111100 W
b10 U
b1010 S
b10101101 N
b11011010 M
b1110111 *
1%
#22280000
0%
#22290000
b111110100000000100000100000000000000000000000000000000000 ;
b1111100 a
b1 U
b111100 T
b10110101 _
b1000 `
b1111101 W
b1111000 *
1%
#22300000
0%
#22310000
b1011010 a
b111111000000000100000100000000000000000000000000000000000 ;
0C
b1001010 R
b1001010 P
b1111110 W
b10 U
b101 S
b1011011 N
b10110101 M
b1111001 *
1%
#22320000
0%
#22330000
b111111100000000100101101000000000000000000000000000000000 ;
b11111110 a
b1 U
b111101 T
b1101011 _
b1011010 `
b1111111 W
b1111010 *
1%
#22340000
0%
#22350000
b10110100 a
b1000000000000000100101101000000000000000000000000000000000 ;
b0 R
0C
b0 P
b10000000 W
b10 U
b1011 S
b10110110 N
b1101011 M
b1111011 *
1%
#22360000
0%
#22370000
b1000000100000000101011010000000000000000000000000000000000 ;
b1101001 a
b1 U
b111110 T
b11010110 _
b10110100 `
b10000001 W
b1111100 *
1%
#22380000
0%
#22390000
b11000101 a
b1000001000000000101011010000000000000000000000000000000000 ;
b10101100 R
0C
b10101100 P
b10000010 W
b10 U
b110 S
b1101101 N
b11010110 M
b1111101 *
1%
#22400000
0%
#22410000
b1000001100000000101100010100000000000000000000000000000000 ;
b100111 a
b1 U
b111111 T
b10101100 _
b11000101 `
b10000011 W
b1111110 *
1%
#22420000
0%
#22430000
b1000010000000000101100010100000000000000000000000000000000 ;
0C
b10101100 P
b10000100 W
b10 U
b1100 S
b11001010 N
b10101100 M
b1111111 *
1%
#22440000
0%
#22450000
b1000010100000000100010011100000000000000000000000000000000 ;
b11100010 a
b1 U
b1000000 T
b1011001 _
b100111 `
b10000101 W
b10000000 *
1%
#22460000
0%
#22470000
b11111100 a
b1000011000000000100010011100000000000000000000000000000000 ;
b10110010 R
0C
b10110010 P
b10000110 W
b10 U
b1001 S
b10010101 N
b1011001 M
b10000001 *
1%
#22480000
0%
#22490000
b1000011100000000101111110000000000000000000000000000000000 ;
b1001011 a
b1 U
b1000001 T
b10110010 _
b11111100 `
b10000111 W
b10000010 *
1%
#22500000
0%
#22510000
b11011011 a
b1000100000000000101111110000000000000000000000000000000000 ;
b100010 R
0C
b100010 P
b10001000 W
b10 U
b10 S
b101011 N
b10110010 M
b10000011 *
1%
#22520000
0%
#22530000
b1000100100000000101101101100000000000000000000000000000000 ;
b10010101 a
b1 U
b1000010 T
b1100101 _
b11011011 `
b10001001 W
b10000100 *
1%
#22540000
0%
#22550000
b101101 a
b1000101000000000101101101100000000000000000000000000000000 ;
b10011010 R
0C
b10011010 P
b10001010 W
b10 U
b101 S
b1010110 N
b1100101 M
b10000101 *
1%
#22560000
0%
#22570000
b1000101100000000100010110100000000000000000000000000000000 ;
b11000000 a
b1 U
b1000011 T
b11001011 _
b101101 `
b10001011 W
b10000110 *
1%
#22580000
0%
#22590000
b1011010 a
b1000110000000000100010110100000000000000000000000000000000 ;
b0 R
0C
b0 P
b10001100 W
b10 U
b1011 S
b10111100 N
b11001011 M
b10000111 *
1%
#22600000
0%
#22610000
b1000110100000000100101101000000000000000000000000000000000 ;
b10110100 a
b1 U
b1000100 T
b10010110 _
b1011010 `
b10001101 W
b10001000 *
1%
#22620000
0%
#22630000
b10011000 a
b1000111000000000100101101000000000000000000000000000000000 ;
b101100 R
0C
b101100 P
b10001110 W
b10 U
b110 S
b1101001 N
b10010110 M
b10001001 *
1%
#22640000
0%
#22650000
b1000111100000000101001100000000000000000000000000000000000 ;
b11101 a
b1 U
b1000101 T
b101100 _
b10011000 `
b10001111 W
b10001010 *
1%
#22660000
0%
#22670000
b1001000000000000101001100000000000000000000000000000000000 ;
0C
b101100 P
b10010000 W
b10 U
b1100 S
b11000010 N
b101100 M
b10001011 *
1%
#22680000
0%
#22690000
b1001000100000000100001110100000000000000000000000000000000 ;
b10110 a
b1 U
b1000110 T
b1011000 _
b11101 `
b10010001 W
b10001100 *
1%
#22700000
0%
#22710000
b1001001000000000100001110100000000000000000000000000000000 ;
0C
b101100 P
b10010010 W
b10 U
b1000 S
b10000101 N
b1011000 M
b10001101 *
1%
#22720000
0%
#22730000
b1001001100000000100001011000000000000000000000000000000000 ;
b0 a
b1 U
b1000111 T
b10110000 _
b10110 `
b10010011 W
b10001110 *
1%
#22740000
0%
#22750000
b10010110 a
b1001010000000000100001011000000000000000000000000000000000 ;
b10111010 R
1C
b10111011 P
b10010100 W
b10 U
b0 S
b1011 N
b10110000 M
b10001111 *
1%
#22760000
0%
#22770000
b1001010100000000101001011000000000000000000000000000000000 ;
b10010111 a
b1 U
b1001000 T
b1100001 _
b10010110 `
b10010101 W
b10010000 *
1%
#22780000
0%
#22790000
b1100111 a
b1001011000000000101001011000000000000000000000000000000000 ;
1C
b1001010 R
b1001011 P
b10010110 W
b10 U
b1 S
b10110 N
b1100001 M
b10010001 *
1%
#22800000
0%
#22810000
b1001011100000000100110011100000000000000000000000000000000 ;
b10000100 a
b1 U
b1001001 T
b11000011 _
b1100111 `
b10010111 W
b10010010 *
1%
#22820000
0%
#22830000
b110000 a
b1001100000000000100110011100000000000000000000000000000000 ;
1C
b11111110 R
b11111111 P
b10011000 W
b10 U
b11 S
b111100 N
b11000011 M
b10010011 *
1%
#22840000
0%
#22850000
b1001100100000000100011000000000000000000000000000000000000 ;
b10011110 a
b1 U
b1001010 T
b10000111 _
b110000 `
b10011001 W
b10010100 *
1%
#22860000
0%
#22870000
b100010 a
b1001101000000000100011000000000000000000000000000000000000 ;
1C
b1000010 R
b1000011 P
b10011010 W
b10 U
b111 S
b1111000 N
b10000111 M
b10010101 *
1%
#22880000
0%
#22890000
b1001101100000000100010001000000000000000000000000000000000 ;
b110 a
b1 U
b1001011 T
b1111 _
b100010 `
b10011011 W
b10010110 *
1%
#22900000
0%
#22910000
b1011010 a
b1001110000000000100010001000000000000000000000000000000000 ;
1C
b11110 R
b11111 P
b10011100 W
b10 U
b1111 S
b11110000 N
b1111 M
b10010111 *
1%
#22920000
0%
#22930000
b1001110100000000100101101000000000000000000000000000000000 ;
b10101010 a
b1 U
b1001100 T
b11111 _
b1011010 `
b10011101 W
b10011000 *
1%
#22940000
0%
#22950000
b10011010 a
b1001111000000000100101101000000000000000000000000000000000 ;
0C
b101110 R
b101110 P
b10011110 W
b10 U
b11110001 N
b11111 M
b10011001 *
1%
#22960000
0%
#22970000
b1001111100000000101001101000000000000000000000000000000000 ;
b11011 a
b1 U
b1001101 T
b111110 _
b10011010 `
b10011111 W
b10011010 *
1%
#22980000
0%
#22990000
b10101 a
b1010000000000000101001101000000000000000000000000000000000 ;
b100000 R
1C
b100001 P
b10100000 W
b10 U
b1110 S
b11100011 N
b111110 M
b10011011 *
1%
#23000000
0%
#23010000
b1010000100000000100001010100000000000000000000000000000000 ;
b1010 a
b1 U
b1001110 T
b1111101 _
b10101 `
b10100001 W
b10011100 *
1%
#23020000
0%
#23030000
b11111100 a
b1010001000000000100001010100000000000000000000000000000000 ;
1C
b11010110 R
b11010111 P
b10100010 W
b10 U
b1101 S
b11010111 N
b1111101 M
b10011101 *
1%
#23040000
0%
#23050000
b1010001100000000101111110000000000000000000000000000000000 ;
b101111 a
b1 U
b1001111 T
b11111011 _
b11111100 `
b10100011 W
b10011110 *
1%
#23060000
0%
#23070000
b11111001 a
b1010010000000000101111110000000000000000000000000000000000 ;
0C
b0 R
b0 P
b10100100 W
b10 U
b1011 S
b10111111 N
b11111011 M
b10011111 *
1%
#23080000
0%
#23090000
b1010010100000000101111100100000000000000000000000000000000 ;
b11110011 a
b1 U
b1010000 T
b11110110 _
b11111001 `
b10100101 W
b10100000 *
1%
#23100000
0%
#23110000
b11111 a
b1010011000000000101111100100000000000000000000000000000000 ;
b11101100 R
0C
b11101100 P
b10100110 W
b10 U
b110 S
b1101111 N
b11110110 M
b10100001 *
1%
#23120000
0%
#23130000
b1010011100000000100001111100000000000000000000000000000000 ;
b11010010 a
b1 U
b1010001 T
b11101101 _
b11111 `
b10100111 W
b10100010 *
1%
#23140000
0%
#23150000
b1010100000000000100001111100000000000000000000000000000000 ;
b11101100 R
1C
b11101101 P
b10101000 W
b10 U
b1101 S
b11011110 N
b11101101 M
b10100011 *
1%
#23160000
0%
#23170000
b1010100100000000101101001000000000000000000000000000000000 ;
b1001001 a
b1 U
b1010010 T
b11011011 _
b11010010 `
b10101001 W
b10100100 *
1%
#23180000
0%
#23190000
b10100101 a
b1010101000000000101101001000000000000000000000000000000000 ;
0C
b0 R
b0 P
b10101010 W
b10 U
b1011 S
b10111101 N
b11011011 M
b10100101 *
1%
#23200000
0%
#23210000
b1010101100000000101010010100000000000000000000000000000000 ;
b1001011 a
b1 U
b1010011 T
b10110111 _
b10100101 `
b10101011 W
b10100110 *
1%
#23220000
0%
#23230000
b10001 a
b1010110000000000101010010100000000000000000000000000000000 ;
b1011010 R
1C
b1011011 P
b10101100 W
b10 U
b111 S
b1111011 N
b10110111 M
b10100111 *
1%
#23240000
0%
#23250000
b1010110100000000100001000100000000000000000000000000000000 ;
b1111000 a
b1 U
b1010100 T
b1101111 _
b10001 `
b10101101 W
b10101000 *
1%
#23260000
0%
#23270000
b1011010 a
b1010111000000000100001000100000000000000000000000000000000 ;
1C
b1111000 R
b1111001 P
b10101110 W
b10 U
b1111 S
b11110110 N
b1101111 M
b10101001 *
1%
#23280000
0%
#23290000
b1010111100000000100101101000000000000000000000000000000000 ;
b11001100 a
b1 U
b1010101 T
b11011110 _
b1011010 `
b10101111 W
b10101010 *
1%
#23300000
0%
#23310000
b1111110 a
b1011000000000000100101101000000000000000000000000000000000 ;
1C
b11001010 R
b11001011 P
b10110000 W
b10 U
b1110 S
b11101101 N
b11011110 M
b10101011 *
1%
#23320000
0%
#23330000
b1011000100000000100111111000000000000000000000000000000000 ;
b110110 a
b1 U
b1010110 T
b10111101 _
b1111110 `
b10110001 W
b10101100 *
1%
#23340000
0%
#23350000
b100110 a
b1011001000000000100111111000000000000000000000000000000000 ;
1C
b11011010 R
b11011011 P
b10110010 W
b10 U
b1101 S
b11011011 N
b10111101 M
b10101101 *
1%
#23360000
0%
#23370000
b1011001100000000100010011000000000000000000000000000000000 ;
b10010110 a
b1 U
b1010111 T
b1111010 _
b100110 `
b10110011 W
b10101110 *
1%
#23380000
0%
#23390000
b1110000 a
b1011010000000000100010011000000000000000000000000000000000 ;
1C
b111100 R
b111101 P
b10110100 W
b10 U
b1010 S
b10100111 N
b1111010 M
b10101111 *
1%
#23400000
0%
#23410000
b1011010100000000100111000000000000000000000000000000000000 ;
b11011100 a
b1 U
b1011000 T
b11110101 _
b1110000 `
b10110101 W
b10110000 *
1%
#23420000
0%
#23430000
b11101010 a
b1011011000000000100111000000000000000000000000000000000000 ;
0C
b1010 R
b1010 P
b10110110 W
b10 U
b101 S
b1011111 N
b11110101 M
b10110001 *
1%
#23440000
0%
#23450000
b1011011100000000101110101000000000000000000000000000000000 ;
b11011111 a
b1 U
b1011001 T
b11101011 _
b11101010 `
b10110111 W
b10110010 *
1%
#23460000
0%
#23470000
b11010101 a
b1011100000000000101110101000000000000000000000000000000000 ;
b0 R
0C
b0 P
b10111000 W
b10 U
b1011 S
b10111110 N
b11101011 M
b10110011 *
1%
#23480000
0%
#23490000
b1011100100000000101101010100000000000000000000000000000000 ;
b10101011 a
b1 U
b1011010 T
b11010111 _
b11010101 `
b10111001 W
b10110100 *
1%
#23500000
0%
#23510000
b11000001 a
b1011101000000000101101010100000000000000000000000000000000 ;
b1101010 R
1C
b1101011 P
b10111010 W
b10 U
b111 S
b1111101 N
b11010111 M
b10110101 *
1%
#23520000
0%
#23530000
b1011101100000000101100000100000000000000000000000000000000 ;
b11101001 a
b1 U
b1011011 T
b10101110 _
b11000001 `
b10111011 W
b10110110 *
1%
#23540000
0%
#23550000
b11011 a
b1011110000000000101100000100000000000000000000000000000000 ;
0C
b10011000 R
b10011000 P
b10111100 W
b10 U
b1110 S
b11101010 N
b10101110 M
b10110111 *
1%
#23560000
0%
#23570000
b1011110100000000100001101100000000000000000000000000000000 ;
b10101110 a
b1 U
b1011100 T
b1011101 _
b11011 `
b10111101 W
b10111000 *
1%
#23580000
0%
#23590000
b11100010 a
b1011111000000000100001101100000000000000000000000000000000 ;
b11010100 R
1C
b11010101 P
b10111110 W
b10 U
b1101 S
b11010101 N
b1011101 M
b10111001 *
1%
#23600000
0%
#23610000
b1011111100000000101110001000000000000000000000000000000000 ;
b10001 a
b1 U
b1011101 T
b10111010 _
b11100010 `
b10111111 W
b10111010 *
1%
#23620000
0%
#23630000
b10011001 a
b1100000000000000101110001000000000000000000000000000000000 ;
1C
b1011100 R
b1011101 P
b11000000 W
b10 U
b1010 S
b10101011 N
b10111010 M
b10111011 *
1%
#23640000
0%
#23650000
b1100000100000000101001100100000000000000000000000000000000 ;
b1101111 a
b1 U
b1011110 T
b1110100 _
b10011001 `
b11000001 W
b10111100 *
1%
#23660000
0%
#23670000
b1 a
b1100001000000000101001100100000000000000000000000000000000 ;
1C
b110010 R
b110011 P
b11000010 W
b10 U
b100 S
b1000111 N
b1110100 M
b10111101 *
1%
#23680000
0%
#23690000
b1100001100000000100000000100000000000000000000000000000000 ;
b110000 a
b1 U
b1011111 T
b11101000 _
b1 `
b11000011 W
b10111110 *
1%
#23700000
0%
#23710000
b11110110 a
b1100010000000000100000000100000000000000000000000000000000 ;
0C
b11110100 R
b11110100 P
b11000100 W
b10 U
b1000 S
b10001110 N
b11101000 M
b10111111 *
1%
#23720000
0%
#23730000
b1100010100000000101111011000000000000000000000000000000000 ;
b11001 a
b1 U
b1100000 T
b11010001 _
b11110110 `
b11000101 W
b11000000 *
1%
#23740000
0%
#23750000
b1011001 a
b1100011000000000101111011000000000000000000000000000000000 ;
b10110100 R
0C
b10110100 P
b11000110 W
b10 U
b1 S
b11101 N
b11010001 M
b11000001 *
1%
#23760000
0%
#23770000
b1100011100000000100101100100000000000000000000000000000000 ;
b110 a
b1 U
b1100001 T
b10100010 _
b1011001 `
b11000111 W
b11000010 *
1%
#23780000
0%
#23790000
b10010000 a
b1100100000000000100101100100000000000000000000000000000000 ;
b100010 R
0C
b100010 P
b11001000 W
b10 U
b10 S
b101010 N
b10100010 M
b11000011 *
1%
#23800000
0%
#23810000
b1100100100000000101001000000000000000000000000000000000000 ;
b11 a
b1 U
b1100010 T
b1000100 _
b10010000 `
b11001001 W
b11000100 *
1%
#23820000
0%
#23830000
b100001 a
b1100101000000000101001000000000000000000000000000000000000 ;
b0 R
0C
b0 P
b11001010 W
b10 U
b100 S
b1000100 N
b1000100 M
b11000101 *
1%
#23840000
0%
#23850000
b1100101100000000100010000100000000000000000000000000000000 ;
b1000010 a
b1 U
b1100011 T
b10001000 _
b100001 `
b11001011 W
b11000110 *
1%
#23860000
0%
#23870000
b10000110 a
b1100110000000000100010000100000000000000000000000000000000 ;
b11000100 R
0C
b11000100 P
b11001100 W
b10 U
b1000 S
b10001000 N
b10001000 M
b11000111 *
1%
#23880000
0%
#23890000
b1100110100000000101000011000000000000000000000000000000000 ;
b11001001 a
b1 U
b1100100 T
b10000 _
b10000110 `
b11001101 W
b11001000 *
1%
#23900000
0%
#23910000
b11101 a
b1100111000000000101000011000000000000000000000000000000000 ;
b10000 R
1C
b10001 P
b11001110 W
b10 U
b0 S
b1 N
b10000 M
b11001001 *
1%
#23920000
0%
#23930000
b1100111100000000100001110100000000000000000000000000000000 ;
b101010 a
b1 U
b1100101 T
b100001 _
b11101 `
b11001111 W
b11001010 *
1%
#23940000
0%
#23950000
b110100 a
b1101000000000000100001110100000000000000000000000000000000 ;
1C
b1110 R
b1111 P
b11010000 W
b10 U
b1 S
b10010 N
b100001 M
b11001011 *
1%
#23960000
0%
#23970000
b1101000100000000100011010000000000000000000000000000000000 ;
b1100110 a
b1 U
b1100110 T
b1000011 _
b110100 `
b11010001 W
b11001100 *
1%
#23980000
0%
#23990000
b11110 a
b1101001000000000100011010000000000000000000000000000000000 ;
1C
b1110110 R
b1110111 P
b11010010 W
b10 U
b11 S
b110100 N
b1000011 M
b11001101 *
1%
#24000000
0%
#24010000
b1101001100000000100001111000000000000000000000000000000000 ;
b1001010 a
b1 U
b1100111 T
b10000110 _
b11110 `
b11010011 W
b11001110 *
1%
#24020000
0%
#24030000
b110000 a
b1101010000000000100001111000000000000000000000000000000000 ;
0C
b1100 R
b1100 P
b11010100 W
b10 U
b110 S
b1101000 N
b10000110 M
b11001111 *
1%
#24040000
0%
#24050000
b1101010100000000100011000000000000000000000000000000000000 ;
b1101100 a
b1 U
b1101000 T
b1101 _
b110000 `
b11010101 W
b11010000 *
1%
#24060000
0%
#24070000
b10110000 a
b1101011000000000100011000000000000000000000000000000000000 ;
b11010000 R
0C
b11010000 P
b11010110 W
b10 U
b1101 S
b11010000 N
b1101 M
b11010001 *
1%
#24080000
0%
#24090000
b1101011100000000101011000000000000000000000000000000000000 ;
b10110001 a
b1 U
b1101001 T
b11011 _
b10110000 `
b11010111 W
b11010010 *
1%
#24100000
0%
#24110000
b1100001 a
b1101100000000000101011000000000000000000000000000000000000 ;
b0 R
0C
b0 P
b11011000 W
b10 U
b1011 S
b10110001 N
b11011 M
b11010011 *
1%
#24120000
0%
#24130000
b1101100100000000100110000100000000000000000000000000000000 ;
b11000010 a
b1 U
b1101010 T
b110110 _
b1100001 `
b11011001 W
b11010100 *
1%
#24140000
0%
#24150000
b10101110 a
b1101101000000000100110000100000000000000000000000000000000 ;
b1101100 R
0C
b1101100 P
b11011010 W
b10 U
b110 S
b1100011 N
b110110 M
b11010101 *
1%
#24160000
0%
#24170000
b1101101100000000101010111000000000000000000000000000000000 ;
b110001 a
b1 U
b1101011 T
b1101100 _
b10101110 `
b11011011 W
b11010110 *
1%
#24180000
0%
#24190000
b1101110000000000101010111000000000000000000000000000000000 ;
0C
b1101100 P
b11011100 W
b10 U
b1100 S
b11000110 N
b1101100 M
b11010111 *
1%
#24200000
0%
#24210000
b1101110100000000100011000100000000000000000000000000000000 ;
b1110 a
b1 U
b1101100 T
b11011000 _
b110001 `
b11011101 W
b11011000 *
1%
#24220000
0%
#24230000
b10001110 a
b1101111000000000100011000100000000000000000000000000000000 ;
b11101100 R
0C
b11101100 P
b11011110 W
b10 U
b1000 S
b10001101 N
b11011000 M
b11011001 *
1%
#24240000
0%
#24250000
b1101111100000000101000111000000000000000000000000000000000 ;
b11110001 a
b1 U
b1101101 T
b10110001 _
b10001110 `
b11011111 W
b11011010 *
1%
#24260000
0%
#24270000
b10001011 a
b1110000000000000101000111000000000000000000000000000000000 ;
b10010110 R
0C
b10010110 P
b11100000 W
b10 U
b1 S
b11011 N
b10110001 M
b11011011 *
1%
#24280000
0%
#24290000
b1110000100000000101000101100000000000000000000000000000000 ;
b10000001 a
b1 U
b1101110 T
b1100011 _
b10001011 `
b11100001 W
b11011100 *
1%
#24300000
0%
#24310000
b1100001 a
b1110001000000000101000101100000000000000000000000000000000 ;
b1110110 R
1C
b1110111 P
b11100010 W
b10 U
b11 S
b110110 N
b1100011 M
b11011101 *
1%
#24320000
0%
#24330000
b1110001100000000100110000100000000000000000000000000000000 ;
b10110100 a
b1 U
b1101111 T
b11000111 _
b1100001 `
b11100011 W
b11011110 *
1%
#24340000
0%
#24350000
b10100000 a
b1110010000000000100110000100000000000000000000000000000000 ;
1C
b1100010 R
b1100011 P
b11100100 W
b10 U
b111 S
b1111100 N
b11000111 M
b11011111 *
1%
#24360000
0%
#24370000
b1110010100000000101010000000000000000000000000000000000000 ;
b100011 a
b1 U
b1110000 T
b10001111 _
b10100000 `
b11100101 W
b11100000 *
1%
#24380000
0%
#24390000
b11010111 a
b1110011000000000101010000000000000000000000000000000000000 ;
1C
b10010110 R
b10010111 P
b11100110 W
b10 U
b1111 S
b11111000 N
b10001111 M
b11100001 *
1%
#24400000
0%
#24410000
b1110011100000000101101011100000000000000000000000000000000 ;
b111001 a
b1 U
b1110001 T
b11110 _
b11010111 `
b11100111 W
b11100010 *
1%
#24420000
0%
#24430000
b1010001 a
b1110100000000000101101011100000000000000000000000000000000 ;
1C
b11111110 R
b11111111 P
b11101000 W
b10 U
b1110 S
b11100001 N
b11110 M
b11100011 *
1%
#24440000
0%
#24450000
b1110100100000000100101000100000000000000000000000000000000 ;
b1011100 a
b1 U
b1110010 T
b111100 _
b1010001 `
b11101001 W
b11100100 *
1%
#24460000
0%
#24470000
b10011110 a
b1110101000000000100101000100000000000000000000000000000000 ;
0C
b111100 R
b111100 P
b11101010 W
b10 U
b1100 S
b11000011 N
b111100 M
b11100101 *
1%
#24480000
0%
#24490000
b1110101100000000101001111000000000000000000000000000000000 ;
b1 a
b1 U
b1110011 T
b1111001 _
b10011110 `
b11101011 W
b11100110 *
1%
#24500000
0%
#24510000
b11001111 a
b1110110000000000101001111000000000000000000000000000000000 ;
b11110010 R
0C
b11110010 P
b11101100 W
b10 U
b1001 S
b10010111 N
b1111001 M
b11100111 *
1%
#24520000
0%
#24530000
b1110110100000000101100111100000000000000000000000000000000 ;
b1101101 a
b1 U
b1110100 T
b11110011 _
b11001111 `
b11101101 W
b11101000 *
1%
#24540000
0%
#24550000
b1100001 a
b1110111000000000101100111100000000000000000000000000000000 ;
b11111110 R
1C
b11111111 P
b11101110 W
b10 U
b11 S
b111111 N
b11110011 M
b11101001 *
1%
#24560000
0%
#24570000
b1110111100000000100110000100000000000000000000000000000000 ;
b111100 a
b1 U
b1110101 T
b11100111 _
b1100001 `
b11101111 W
b11101010 *
1%
#24580000
0%
#24590000
b10110000 a
b1111000000000000100110000100000000000000000000000000000000 ;
1C
b1110010 R
b1110011 P
b11110000 W
b10 U
b111 S
b1111110 N
b11100111 M
b11101011 *
1%
#24600000
0%
#24610000
b1111000100000000101011000000000000000000000000000000000000 ;
b10011 a
b1 U
b1110110 T
b11001110 _
b10110000 `
b11110001 W
b11101100 *
1%
#24620000
0%
#24630000
b11011011 a
b1111001000000000101011000000000000000000000000000000000000 ;
0C
b10111010 R
b10111010 P
b11110010 W
b10 U
b1110 S
b11101100 N
b11001110 M
b11101101 *
1%
#24640000
0%
#24650000
b1111001100000000101101101100000000000000000000000000000000 ;
b1101 a
b1 U
b1110111 T
b10011100 _
b11011011 `
b11110011 W
b11101110 *
1%
#24660000
0%
#24670000
b101011 a
b1111010000000000101101101100000000000000000000000000000000 ;
b10011100 R
0C
b10011100 P
b11110100 W
b10 U
b1100 S
b11001001 N
b10011100 M
b11101111 *
1%
#24680000
0%
#24690000
b1111010100000000100010101100000000000000000000000000000000 ;
b11001010 a
b1 U
b1111000 T
b111001 _
b101011 `
b11110101 W
b11110000 *
1%
#24700000
0%
#24710000
b100100 a
b1111011000000000100010101100000000000000000000000000000000 ;
b1110010 R
0C
b1110010 P
b11110110 W
b10 U
b1001 S
b10010011 N
b111001 M
b11110001 *
1%
#24720000
0%
#24730000
b1111011100000000100010010000000000000000000000000000000000 ;
b111010 a
b1 U
b1111001 T
b1110011 _
b100100 `
b11110111 W
b11110010 *
1%
#24740000
0%
#24750000
b111110 a
b1111100000000000100010010000000000000000000000000000000000 ;
b1110110 R
1C
b1110111 P
b11111000 W
b10 U
b11 S
b110111 N
b1110011 M
b11110011 *
1%
#24760000
0%
#24770000
b1111100100000000100011111000000000000000000000000000000000 ;
b1010 a
b1 U
b1111010 T
b11100110 _
b111110 `
b11111001 W
b11110100 *
1%
#24780000
0%
#24790000
b10110000 a
b1111101000000000100011111000000000000000000000000000000000 ;
0C
b11001100 R
b11001100 P
b11111010 W
b10 U
b110 S
b1101110 N
b11100110 M
b11110101 *
1%
#24800000
0%
#24810000
b1111101100000000101011000000000000000000000000000000000000 ;
b10101101 a
b1 U
b1111011 T
b11001100 _
b10110000 `
b11111011 W
b11110110 *
1%
#24820000
0%
#24830000
b1111110000000000101011000000000000000000000000000000000000 ;
0C
b11001100 P
b11111100 W
b10 U
b1100 S
b11001100 N
b11001100 M
b11110111 *
1%
#24840000
0%
#24850000
b1111110100000000101010110100000000000000000000000000000000 ;
b10010111 a
b1 U
b1111100 T
b10011000 _
b10101101 `
b11111101 W
b11111000 *
1%
#24860000
0%
#24870000
b1111111000000000101010110100000000000000000000000000000000 ;
0C
b11001100 P
b11111110 W
b10 U
b1000 S
b10001001 N
b10011000 M
b11111001 *
1%
#24880000
0%
#24890000
b1111111100000000101001011100000000000000000000000000000000 ;
b11100011 a
b1 U
b1111101 T
b110001 _
b10010111 `
b11111111 W
b11111010 *
1%
#24900000
0%
#24910000
b110001 a
b101001011100000000000000000000000000000000 ;
b11110 R
0C
b11110 P
b0 W
b10 U
b1 S
b10011 N
b110001 M
b11111011 *
1%
#24920000
0%
#24930000
b100000000100011000100000000000000000000000000000000 ;
b1111100 a
b1 U
b1111110 T
b1100010 _
b110001 `
b1 W
b11111100 *
1%
#24940000
0%
#24950000
b1000000 a
b1000000000100011000100000000000000000000000000000000 ;
b100010 R
0C
b100010 P
b10 W
b10 U
b10 S
b100110 N
b1100010 M
b11111101 *
1%
#24960000
0%
#24970000
b1100000000100100000000000000000000000000000000000000 ;
b10100010 a
b1 U
b1111111 T
b11000101 _
b1000000 `
b11 W
b11111110 *
1%
#24980000
0%
#24990000
b10111010 a
b10000000000100100000000000000000000000000000000000000 ;
b111010 R
0C
b111010 P
b100 W
b10 U
b101 S
b1011100 N
b11000101 M
b11111111 *
1%
#25000000
0%
#25010000
b10100000000101011101000000000000000000000000000000000 ;
b1001111 a
b1 U
b10000000 T
b10001011 _
b10111010 `
b101 W
b100000000 *
1%
#25020000
0%
#25030000
b1110101 a
b11000000000101011101000000000000000000000000000000000 ;
b0 R
1C
b1 P
b110 W
b10 U
b1011 S
b10111000 N
b10001011 M
b100000001 *
1%
#25040000
0%
#25050000
b11100000000100111010100000000000000000000000000000000 ;
b11101010 a
b1 U
b10000001 T
b10110 _
b1110101 `
b111 W
b100000010 *
1%
#25060000
0%
#25070000
b11000110 a
b100000000000100111010100000000000000000000000000000000 ;
b101100 R
0C
b101100 P
b1000 W
b10 U
b110 S
b1100001 N
b10110 M
b100000011 *
1%
#25080000
0%
#25090000
b100100000000101100011000000000000000000000000000000000 ;
b10100001 a
b1 U
b10000010 T
b101101 _
b11000110 `
b1001 W
b100000100 *
1%
#25100000
0%
#25110000
b1011111 a
b101000000000101100011000000000000000000000000000000000 ;
b11010010 R
0C
b11010010 P
b1010 W
b10 U
b1101 S
b11010010 N
b101101 M
b100000101 *
1%
#25120000
0%
#25130000
b101100000000100101111100000000000000000000000000000000 ;
b1101100 a
b1 U
b10000011 T
b1011010 _
b1011111 `
b1011 W
b100000110 *
1%
#25140000
0%
#25150000
b10010010 a
b110000000000100101111100000000000000000000000000000000 ;
b101100 R
1C
b101101 P
b1100 W
b10 U
b1010 S
b10100101 N
b1011010 M
b100000111 *
1%
#25160000
0%
#25170000
b110100000000101001001000000000000000000000000000000000 ;
b1001 a
b1 U
b10000100 T
b10110100 _
b10010010 `
b1101 W
b100001000 *
1%
#25180000
0%
#25190000
b11011011 a
b111000000000101001001000000000000000000000000000000000 ;
1C
b11111110 R
b11111111 P
b1110 W
b10 U
b100 S
b1001011 N
b10110100 M
b100001001 *
1%
#25200000
0%
#25210000
b111100000000101101101100000000000000000000000000000000 ;
b1001001 a
b1 U
b10000101 T
b1101001 _
b11011011 `
b1111 W
b100001010 *
1%
#25220000
0%
#25230000
b1100101 a
b1000000000000101101101100000000000000000000000000000000 ;
0C
b11010010 R
b11010010 P
b10000 W
b10 U
b1001 S
b10010110 N
b1101001 M
b100001011 *
1%
#25240000
0%
#25250000
b1000100000000100110010100000000000000000000000000000000 ;
b11000 a
b1 U
b10000110 T
b11010010 _
b1100101 `
b10001 W
b100001100 *
1%
#25260000
0%
#25270000
b11001010 a
b1001000000000100110010100000000000000000000000000000000 ;
b0 R
0C
b0 P
b10010 W
b10 U
b10 S
b101101 N
b11010010 M
b100001101 *
1%
#25280000
0%
#25290000
b1001100000000101100101000000000000000000000000000000000 ;
b10010101 a
b1 U
b10000111 T
b10100100 _
b11001010 `
b10011 W
b100001110 *
1%
#25300000
0%
#25310000
b1111011 a
b1010000000000101100101000000000000000000000000000000000 ;
b11101110 R
0C
b11101110 P
b10100 W
b10 U
b100 S
b1001010 N
b10100100 M
b100001111 *
1%
#25320000
0%
#25330000
b1010100000000100111101100000000000000000000000000000000 ;
b11000 a
b1 U
b10001000 T
b1001000 _
b1111011 `
b10101 W
b100010000 *
1%
#25340000
0%
#25350000
b11010010 a
b1011000000000100111101100000000000000000000000000000000 ;
b100100 R
0C
b100100 P
b10110 W
b10 U
b1000 S
b10000100 N
b1001000 M
b100010001 *
1%
#25360000
0%
#25370000
b1011100000000101101001000000000000000000000000000000000 ;
b10000001 a
b1 U
b10001001 T
b10010001 _
b11010010 `
b10111 W
b100010010 *
1%
#25380000
0%
#25390000
b11011101 a
b1100000000000101101001000000000000000000000000000000000 ;
b1111000 R
0C
b1111000 P
b11000 W
b10 U
b1 S
b11001 N
b10010001 M
b100010011 *
1%
#25400000
0%
#25410000
b1100100000000101101110100000000000000000000000000000000 ;
b11000011 a
b1 U
b10001010 T
b100010 _
b11011101 `
b11001 W
b100010100 *
1%
#25420000
0%
#25430000
b10011001 a
b1101000000000101101110100000000000000000000000000000000 ;
b100010 R
0C
b100010 P
b11010 W
b10 U
b10 S
b100010 N
b100010 M
b100010101 *
1%
#25440000
0%
#25450000
b1101100000000101001100100000000000000000000000000000000 ;
b10001 a
b1 U
b10001011 T
b1000101 _
b10011001 `
b11011 W
b100010110 *
1%
#25460000
0%
#25470000
b10001001 a
b1110000000000101001100100000000000000000000000000000000 ;
b10111010 R
0C
b10111010 P
b11100 W
b10 U
b101 S
b1010100 N
b1000101 M
b100010111 *
1%
#25480000
0%
#25490000
b1110100000000101000100100000000000000000000000000000000 ;
b10101001 a
b1 U
b10001100 T
b10001010 _
b10001001 `
b11101 W
b100011000 *
1%
#25500000
0%
#25510000
b1010111 a
b1111000000000101000100100000000000000000000000000000000 ;
b1000100 R
1C
b1000101 P
b11110 W
b10 U
b1010 S
b10101000 N
b10001010 M
b100011001 *
1%
#25520000
0%
#25530000
b1111100000000100101011100000000000000000000000000000000 ;
b11101010 a
b1 U
b10001101 T
b10100 _
b1010111 `
b11111 W
b100011010 *
1%
#25540000
0%
#25550000
b11111010 a
b10000000000000100101011100000000000000000000000000000000 ;
1C
b1010100 R
b1010101 P
b100000 W
b10 U
b100 S
b1000001 N
b10100 M
b100011011 *
1%
#25560000
0%
#25570000
b10000100000000101111101000000000000000000000000000000000 ;
b10100001 a
b1 U
b10001110 T
b101001 _
b11111010 `
b100001 W
b100011100 *
1%
#25580000
0%
#25590000
b10100111 a
b10001000000000101111101000000000000000000000000000000000 ;
0C
b1010010 R
b1010010 P
b100010 W
b10 U
b1001 S
b10010010 N
b101001 M
b100011101 *
1%
#25600000
0%
#25610000
b10001100000000101010011100000000000000000000000000000000 ;
b11101 a
b1 U
b10001111 T
b1010010 _
b10100111 `
b100011 W
b100011110 *
1%
#25620000
0%
#25630000
b1001111 a
b10010000000000101010011100000000000000000000000000000000 ;
b0 R
0C
b0 P
b100100 W
b10 U
b10 S
b100101 N
b1010010 M
b100011111 *
1%
#25640000
0%
#25650000
b10010100000000100100111100000000000000000000000000000000 ;
b10011110 a
b1 U
b10010000 T
b10100101 _
b1001111 `
b100101 W
b100100000 *
1%
#25660000
0%
#25670000
b11000100 a
b10011000000000100100111100000000000000000000000000000000 ;
b1011010 R
0C
b1011010 P
b100110 W
b10 U
b101 S
b1011010 N
b10100101 M
b100100001 *
1%
#25680000
0%
#25690000
b10011100000000101100010000000000000000000000000000000000 ;
b11010011 a
b1 U
b10010001 T
b1001010 _
b11000100 `
b100111 W
b100100010 *
1%
#25700000
0%
#25710000
b10101101 a
b10100000000000101100010000000000000000000000000000000000 ;
b100100 R
1C
b100101 P
b101000 W
b10 U
b1010 S
b10100100 N
b1001010 M
b100100011 *
1%
#25720000
0%
#25730000
b10100100000000101010110100000000000000000000000000000000 ;
b1111111 a
b1 U
b10010010 T
b10010101 _
b10101101 `
b101001 W
b100100100 *
1%
#25740000
0%
#25750000
b110001 a
b10101000000000101010110100000000000000000000000000000000 ;
0C
b1101010 R
b1101010 P
b101010 W
b10 U
b101 S
b1011001 N
b10010101 M
b100100101 *
1%
#25760000
0%
#25770000
b10101100000000100011000100000000000000000000000000000000 ;
b1000 a
b1 U
b10010011 T
b101010 _
b110001 `
b101011 W
b100100110 *
1%
#25780000
0%
#25790000
b1110110 a
b10110000000000100011000100000000000000000000000000000000 ;
b10100 R
1C
b10101 P
b101100 W
b10 U
b1010 S
b10100010 N
b101010 M
b100100111 *
1%
#25800000
0%
#25810000
b10110100000000100111011000000000000000000000000000000000 ;
b11111000 a
b1 U
b10010100 T
b1010100 _
b1110110 `
b101101 W
b100101000 *
1%
#25820000
0%
#25830000
b11111100 a
b10111000000000100111011000000000000000000000000000000000 ;
1C
b10000 R
b10001 P
b101110 W
b10 U
b100 S
b1000101 N
b1010100 M
b100101001 *
1%
#25840000
0%
#25850000
b10111100000000101111110000000000000000000000000000000000 ;
b11101001 a
b1 U
b10010101 T
b10101001 _
b11111100 `
b101111 W
b100101010 *
1%
#25860000
0%
#25870000
b10101011 a
b11000000000000101111110000000000000000000000000000000000 ;
1C
b1010010 R
b1010011 P
b110000 W
b10 U
b1001 S
b10011010 N
b10101001 M
b100101011 *
1%
#25880000
0%
#25890000
b11000100000000101010101100000000000000000000000000000000 ;
b101 a
b1 U
b10010110 T
b1010011 _
b10101011 `
b110001 W
b100101100 *
1%
#25900000
0%
#25910000
b100001 a
b11001000000000101010101100000000000000000000000000000000 ;
1C
b1110110 R
b1110111 P
b110010 W
b10 U
b11 S
b110101 N
b1010011 M
b100101101 *
1%
#25920000
0%
#25930000
b11001100000000100010000100000000000000000000000000000000 ;
b110100 a
b1 U
b10010111 T
b10100111 _
b100001 `
b110011 W
b100101110 *
1%
#25940000
0%
#25950000
b10000 a
b11010000000000100010000100000000000000000000000000000000 ;
1C
b1010010 R
b1010011 P
b110100 W
b10 U
b111 S
b1111010 N
b10100111 M
b100101111 *
1%
#25960000
0%
#25970000
b11010100000000100001000000000000000000000000000000000000 ;
b1110010 a
b1 U
b10011000 T
b1001110 _
b10000 `
b110101 W
b100110000 *
1%
#25980000
0%
#25990000
b10010 a
b11011000000000100001000000000000000000000000000000000000 ;
0C
b110010 R
b110010 P
b110110 W
b10 U
b1110 S
b11100100 N
b1001110 M
b100110001 *
1%
#26000000
0%
#26010000
b11011100000000100001001000000000000000000000000000000000 ;
b10110 a
b1 U
b10011001 T
b10011101 _
b10010 `
b110111 W
b100110010 *
1%
#26020000
0%
#26030000
b11111100 a
b11100000000000100001001000000000000000000000000000000000 ;
b11011000 R
1C
b11011001 P
b111000 W
b10 U
b1101 S
b11011001 N
b10011101 M
b100110011 *
1%
#26040000
0%
#26050000
b11100100000000101111110000000000000000000000000000000000 ;
b100001 a
b1 U
b10011010 T
b111011 _
b11111100 `
b111001 W
b100110100 *
1%
#26060000
0%
#26070000
b11111001 a
b11101000000000101111110000000000000000000000000000000000 ;
0C
b0 R
b0 P
b111010 W
b10 U
b1011 S
b10110011 N
b111011 M
b100110101 *
1%
#26080000
0%
#26090000
b11101100000000101111100100000000000000000000000000000000 ;
b11110011 a
b1 U
b10011011 T
b1110111 _
b11111001 `
b111011 W
b100110110 *
1%
#26100000
0%
#26110000
b11001001 a
b11110000000000101111100100000000000000000000000000000000 ;
b111010 R
1C
b111011 P
b111100 W
b10 U
b111 S
b1110111 N
b1110111 M
b100110111 *
1%
#26120000
0%
#26130000
b11110100000000101100100100000000000000000000000000000000 ;
b10101001 a
b1 U
b10011100 T
b11101110 _
b11001001 `
b111101 W
b100111000 *
1%
#26140000
0%
#26150000
b1001111 a
b11111000000000101100100100000000000000000000000000000000 ;
0C
b11011100 R
b11011100 P
b111110 W
b10 U
b1110 S
b11101110 N
b11101110 M
b100111001 *
1%
#26160000
0%
#26170000
b11111100000000100100111100000000000000000000000000000000 ;
b1000010 a
b1 U
b10011101 T
b11011101 _
b1001111 `
b111111 W
b100111010 *
1%
#26180000
0%
#26190000
b100000000000000100100111100000000000000000000000000000000 ;
b11011100 R
1C
b11011101 P
b1000000 W
b10 U
b1101 S
b11011101 N
b11011101 M
b100111011 *
1%
#26200000
0%
#26210000
b100000100000000100100001000000000000000000000000000000000 ;
b1011000 a
b1 U
b10011110 T
b10111011 _
b1000010 `
b1000001 W
b100111100 *
1%
#26220000
0%
#26230000
b10000100 a
b100001000000000100100001000000000000000000000000000000000 ;
0C
b0 R
b0 P
b1000010 W
b10 U
b1011 S
b10111011 N
b10111011 M
b100111101 *
1%
#26240000
0%
#26250000
b100001100000000101000010000000000000000000000000000000000 ;
b1001 a
b1 U
b10011111 T
b1110110 _
b10000100 `
b1000011 W
b100111110 *
1%
#26260000
0%
#26270000
b11100101 a
b100010000000000101000010000000000000000000000000000000000 ;
b11101100 R
0C
b11101100 P
b1000100 W
b10 U
b110 S
b1100111 N
b1110110 M
b100111111 *
1%
#26280000
0%
#26290000
b100010100000000101110010100000000000000000000000000000000 ;
b100111 a
b1 U
b10100000 T
b11101100 _
b11100101 `
b1000101 W
b101000000 *
1%
#26300000
0%
#26310000
b101 a
b100011000000000101110010100000000000000000000000000000000 ;
b11001110 R
0C
b11001110 P
b1000110 W
b10 U
b1100 S
b11001110 N
b11101100 M
b101000001 *
1%
#26320000
0%
#26330000
b100011100000000100000010100000000000000000000000000000000 ;
b11000100 a
b1 U
b10100001 T
b11011001 _
b101 `
b1000111 W
b101000010 *
1%
#26340000
0%
#26350000
b10111000 a
b100100000000000100000010100000000000000000000000000000000 ;
b10110010 R
1C
b10110011 P
b1001000 W
b10 U
b1001 S
b10011101 N
b11011001 M
b101000011 *
1%
#26360000
0%
#26370000
b100100100000000101011100000000000000000000000000000000000 ;
b11000011 a
b1 U
b10100010 T
b10110011 _
b10111000 `
b1001001 W
b101000100 *
1%
#26380000
0%
#26390000
b11001011 a
b100101000000000101011100000000000000000000000000000000000 ;
1C
b10111010 R
b10111011 P
b1001010 W
b10 U
b11 S
b111011 N
b10110011 M
b101000101 *
1%
#26400000
0%
#26410000
b100101100000000101100101100000000000000000000000000000000 ;
b101101 a
b1 U
b10100011 T
b1100111 _
b11001011 `
b1001011 W
b101000110 *
1%
#26420000
0%
#26430000
b10100101 a
b100110000000000101100101100000000000000000000000000000000 ;
1C
b110010 R
b110011 P
b1001100 W
b10 U
b111 S
b1110110 N
b1100111 M
b101000111 *
1%
#26440000
0%
#26450000
b100110100000000101010010100000000000000000000000000000000 ;
b1111001 a
b1 U
b10100100 T
b11001111 _
b10100101 `
b1001101 W
b101001000 *
1%
#26460000
0%
#26470000
b10011001 a
b100111000000000101010010100000000000000000000000000000000 ;
1C
b11010010 R
b11010011 P
b1001110 W
b10 U
b1111 S
b11111100 N
b11001111 M
b101001001 *
1%
#26480000
0%
#26490000
b100111100000000101001100100000000000000000000000000000000 ;
b11100001 a
b1 U
b10100101 T
b10011110 _
b10011001 `
b1001111 W
b101001010 *
1%
#26500000
0%
#26510000
b10110101 a
b101000000000000101001100100000000000000000000000000000000 ;
1C
b10000110 R
b10000111 P
b1010000 W
b10 U
b1110 S
b11101001 N
b10011110 M
b101001011 *
1%
#26520000
0%
#26530000
b101000100000000101011010100000000000000000000000000000000 ;
b11101101 a
b1 U
b10100110 T
b111101 _
b10110101 `
b1010001 W
b101001100 *
1%
#26540000
0%
#26550000
b10111001 a
b101001000000000101011010100000000000000000000000000000000 ;
1C
b11010010 R
b11010011 P
b1010010 W
b10 U
b1101 S
b11010011 N
b111101 M
b101001101 *
1%
#26560000
0%
#26570000
b101001100000000101011100100000000000000000000000000000000 ;
b10100001 a
b1 U
b10100111 T
b1111011 _
b10111001 `
b1010011 W
b101001110 *
1%
#26580000
0%
#26590000
b1110011 a
b101010000000000101011100100000000000000000000000000000000 ;
0C
b0 R
b0 P
b1010100 W
b10 U
b1011 S
b10110111 N
b1111011 M
b101001111 *
1%
#26600000
0%
#26610000
b101010100000000100111001100000000000000000000000000000000 ;
b11100110 a
b1 U
b10101000 T
b11110111 _
b1110011 `
b1010101 W
b101010000 *
1%
#26620000
0%
#26630000
b10011100 a
b101011000000000100111001100000000000000000000000000000000 ;
b1111010 R
1C
b1111011 P
b1010110 W
b10 U
b111 S
b1111111 N
b11110111 M
b101010001 *
1%
#26640000
0%
#26650000
b101011100000000101001110000000000000000000000000000000000 ;
b1000011 a
b1 U
b10101001 T
b11101111 _
b10011100 `
b1010111 W
b101010010 *
1%
#26660000
0%
#26670000
b11001001 a
b101100000000000101001110000000000000000000000000000000000 ;
1C
b11110000 R
b11110001 P
b1011000 W
b10 U
b1111 S
b11111110 N
b11101111 M
b101010011 *
1%
#26680000
0%
#26690000
b101100100000000101100100100000000000000000000000000000000 ;
b1100011 a
b1 U
b10101010 T
b11011111 _
b11001001 `
b1011001 W
b101010100 *
1%
#26700000
0%
#26710000
b1110001 a
b101101000000000101100100100000000000000000000000000000000 ;
0C
b11100010 R
b11100010 P
b1011010 W
b10 U
b11111101 N
b11011111 M
b101010101 *
1%
#26720000
0%
#26730000
b101101100000000100111000100000000000000000000000000000000 ;
b0 a
b1 U
b10101011 T
b10111111 _
b1110001 `
b1011011 W
b101010110 *
1%
#26740000
0%
#26750000
b100110 a
b101110000000000100111000100000000000000000000000000000000 ;
b11000100 R
0C
b11000100 P
b1011100 W
b10 U
b11111011 N
b10111111 M
b101010111 *
1%
#26760000
0%
#26770000
b101110100000000100010011000000000000000000000000000000000 ;
b10001000 a
b1 U
b10101100 T
b1111110 _
b100110 `
b1011101 W
b101011000 *
1%
#26780000
0%
#26790000
b101000 a
b101111000000000100010011000000000000000000000000000000000 ;
b1100100 R
1C
b1100101 P
b1011110 W
b10 U
b1110 S
b11100111 N
b1111110 M
b101011001 *
1%
#26800000
0%
#26810000
b101111100000000100010100000000000000000000000000000000000 ;
b110100 a
b1 U
b10101101 T
b11111101 _
b101000 `
b1011111 W
b101011010 *
1%
#26820000
0%
#26830000
b10101100 a
b110000000000000100010100000000000000000000000000000000000 ;
1C
b11111100 R
b11111101 P
b1100000 W
b10 U
b1101 S
b11011111 N
b11111101 M
b101011011 *
1%
#26840000
0%
#26850000
b110000100000000101010110000000000000000000000000000000000 ;
b10100101 a
b1 U
b10101110 T
b11111010 _
b10101100 `
b1100001 W
b101011100 *
1%
#26860000
0%
#26870000
b100101 a
b110001000000000101010110000000000000000000000000000000000 ;
1C
b1111100 R
b1111101 P
b1100010 W
b10 U
b1010 S
b10101111 N
b11111010 M
b101011101 *
1%
#26880000
0%
#26890000
b110001100000000100010010100000000000000000000000000000000 ;
b110110 a
b1 U
b10101111 T
b11110100 _
b100101 `
b1100011 W
b101011110 *
1%
#26900000
0%
#26910000
b11110000 a
b110010000000000100010010100000000000000000000000000000000 ;
1C
b10111010 R
b10111011 P
b1100100 W
b10 U
b100 S
b1001111 N
b11110100 M
b101011111 *
1%
#26920000
0%
#26930000
b110010100000000101111000000000000000000000000000000000000 ;
b1011011 a
b1 U
b10110000 T
b11101001 _
b11110000 `
b1100101 W
b101100000 *
1%
#26940000
0%
#26950000
b110011 a
b110011000000000101111000000000000000000000000000000000000 ;
1C
b11010010 R
b11010011 P
b1100110 W
b10 U
b1001 S
b10011110 N
b11101001 M
b101100001 *
1%
#26960000
0%
#26970000
b110011100000000100011001100000000000000000000000000000000 ;
b10110100 a
b1 U
b10110001 T
b11010011 _
b110011 `
b1100111 W
b101100010 *
1%
#26980000
0%
#26990000
b10011000 a
b110100000000000100011001100000000000000000000000000000000 ;
1C
b11111110 R
b11111111 P
b1101000 W
b10 U
b11 S
b111101 N
b11010011 M
b101100011 *
1%
#27000000
0%
#27010000
b110100100000000101001100000000000000000000000000000000000 ;
b11001111 a
b1 U
b10110010 T
b10100110 _
b10011000 `
b1101001 W
b101100100 *
1%
#27020000
0%
#27030000
b1111101 a
b110101000000000101001100000000000000000000000000000000000 ;
0C
b1001100 R
b1001100 P
b1101010 W
b10 U
b110 S
b1101010 N
b10100110 M
b101100101 *
1%
#27040000
0%
#27050000
b110101100000000100111110100000000000000000000000000000000 ;
b10110110 a
b1 U
b10110011 T
b1001100 _
b1111101 `
b1101011 W
b101100110 *
1%
#27060000
0%
#27070000
b110110000000000100111110100000000000000000000000000000000 ;
0C
b1001100 P
b1101100 W
b10 U
b1100 S
b11000100 N
b1001100 M
b101100111 *
1%
#27080000
0%
#27090000
b110110100000000101011011000000000000000000000000000000000 ;
b100001 a
b1 U
b10110100 T
b10011001 _
b10110110 `
b1101101 W
b101101000 *
1%
#27100000
0%
#27110000
b1011111 a
b110111000000000101011011000000000000000000000000000000000 ;
b110010 R
1C
b110011 P
b1101110 W
b10 U
b1001 S
b10011001 N
b10011001 M
b101101001 *
1%
#27120000
0%
#27130000
b110111100000000100101111100000000000000000000000000000000 ;
b10001100 a
b1 U
b10110101 T
b110011 _
b1011111 `
b1101111 W
b101101010 *
1%
#27140000
0%
#27150000
b111000000000000100101111100000000000000000000000000000000 ;
1C
b110010 R
b110011 P
b1110000 W
b10 U
b11 S
b110011 N
b110011 M
b101101011 *
1%
#27160000
0%
#27170000
b111000100000000101000110000000000000000000000000000000000 ;
b101011 a
b1 U
b10110110 T
b1100110 _
b10001100 `
b1110001 W
b101101100 *
1%
#27180000
0%
#27190000
b11010101 a
b111001000000000101000110000000000000000000000000000000000 ;
0C
b11001100 R
b11001100 P
b1110010 W
b10 U
b110 S
b1100110 N
b1100110 M
b101101101 *
1%
#27200000
0%
#27210000
b111001100000000101101010100000000000000000000000000000000 ;
b1100111 a
b1 U
b10110111 T
b11001101 _
b11010101 `
b1110011 W
b101101110 *
1%
#27220000
0%
#27230000
b1110111 a
b111010000000000101101010100000000000000000000000000000000 ;
b11011100 R
0C
b11011100 P
b1110100 W
b10 U
b1101 S
b11011100 N
b11001101 M
b101101111 *
1%
#27240000
0%
#27250000
b111010100000000100111011100000000000000000000000000000000 ;
b110010 a
b1 U
b10111000 T
b10011010 _
b1110111 `
b1110101 W
b101110000 *
1%
#27260000
0%
#27270000
b10100010 a
b111011000000000100111011100000000000000000000000000000000 ;
b1001100 R
1C
b1001101 P
b1110110 W
b10 U
b1010 S
b10101001 N
b10011010 M
b101110001 *
1%
#27280000
0%
#27290000
b111011100000000101010001000000000000000000000000000000000 ;
b1001 a
b1 U
b10111001 T
b110101 _
b10100010 `
b1110111 W
b101110010 *
1%
#27300000
0%
#27310000
b10001111 a
b111100000000000101010001000000000000000000000000000000000 ;
0C
b11001010 R
b11001010 P
b1111000 W
b10 U
b101 S
b1010011 N
b110101 M
b101110011 *
1%
#27320000
0%
#27330000
b111100100000000101000111100000000000000000000000000000000 ;
b11010101 a
b1 U
b10111010 T
b1101010 _
b10001111 `
b1111001 W
b101110100 *
1%
#27340000
0%
#27350000
b101011 a
b111101000000000101000111100000000000000000000000000000000 ;
b110100 R
1C
b110101 P
b1111010 W
b10 U
b1010 S
b10100110 N
b1101010 M
b101110101 *
1%
#27360000
0%
#27370000
b111101100000000100010101100000000000000000000000000000000 ;
b1100010 a
b1 U
b10111011 T
b11010100 _
b101011 `
b1111011 W
b101110110 *
1%
#27380000
0%
#27390000
b11001110 a
b111110000000000100010101100000000000000000000000000000000 ;
1C
b10011000 R
b10011001 P
b1111100 W
b10 U
b100 S
b1001101 N
b11010100 M
b101110111 *
1%
#27400000
0%
#27410000
b111110100000000101100111000000000000000000000000000000000 ;
b101 a
b1 U
b10111100 T
b10101000 _
b11001110 `
b1111101 W
b101111000 *
1%
#27420000
0%
#27430000
b1001001 a
b111111000000000101100111000000000000000000000000000000000 ;
0C
b11010100 R
b11010100 P
b1111110 W
b10 U
b1000 S
b10001010 N
b10101000 M
b101111001 *
1%
#27440000
0%
#27450000
b111111100000000100100100100000000000000000000000000000000 ;
b1000110 a
b1 U
b10111101 T
b1010001 _
b1001001 `
b1111111 W
b101111010 *
1%
#27460000
0%
#27470000
b10101110 a
b1000000000000000100100100100000000000000000000000000000000 ;
b111100 R
0C
b111100 P
b10000000 W
b10 U
b1 S
b10101 N
b1010001 M
b101111011 *
1%
#27480000
0%
#27490000
b1000000100000000101010111000000000000000000000000000000000 ;
b1100001 a
b1 U
b10111110 T
b10100011 _
b10101110 `
b10000001 W
b101111100 *
1%
#27500000
0%
#27510000
b11100111 a
b1000001000000000101010111000000000000000000000000000000000 ;
b10111010 R
1C
b10111011 P
b10000010 W
b10 U
b11 S
b111010 N
b10100011 M
b101111101 *
1%
#27520000
0%
#27530000
b1000001100000000101110011100000000000000000000000000000000 ;
b1110101 a
b1 U
b10111111 T
b1000110 _
b11100111 `
b10000011 W
b101111110 *
1%
#27540000
0%
#27550000
b1000011 a
b1000010000000000101110011100000000000000000000000000000000 ;
0C
b10001100 R
b10001100 P
b10000100 W
b10 U
b110 S
b1100100 N
b1000110 M
b101111111 *
1%
#27560000
0%
#27570000
b1000010100000000100100001100000000000000000000000000000000 ;
b1010 a
b1 U
b11000000 T
b10001100 _
b1000011 `
b10000101 W
b110000000 *
1%
#27580000
0%
#27590000
b1000011000000000100100001100000000000000000000000000000000 ;
0C
b10001100 P
b10000110 W
b10 U
b1100 S
b11001000 N
b10001100 M
b110000001 *
1%
#27600000
0%
#27610000
b1000011100000000100000101000000000000000000000000000000000 ;
b10011000 a
b1 U
b11000001 T
b11000 _
b1010 `
b10000111 W
b110000010 *
1%
#27620000
0%
#27630000
b11000 a
b1000100000000000100000101000000000000000000000000000000000 ;
b1100 R
0C
b1100 P
b10001000 W
b10 U
b1000 S
b10000001 N
b11000 M
b110000011 *
1%
#27640000
0%
#27650000
b1000100100000000100001100000000000000000000000000000000000 ;
b111100 a
b1 U
b11000010 T
b110000 _
b11000 `
b10001001 W
b110000100 *
1%
#27660000
0%
#27670000
b10 a
b1000101000000000100001100000000000000000000000000000000000 ;
b110010 R
1C
b110011 P
b10001010 W
b10 U
b0 S
b11 N
b110000 M
b110000101 *
1%
#27680000
0%
#27690000
b1000101100000000100000001000000000000000000000000000000000 ;
b110110 a
b1 U
b11000011 T
b1100000 _
b10 `
b10001011 W
b110000110 *
1%
#27700000
0%
#27710000
b1100010 a
b1000110000000000100000001000000000000000000000000000000000 ;
0C
b1100110 R
b1100110 P
b10001100 W
b10 U
b110 N
b1100000 M
b110000111 *
1%
#27720000
0%
#27730000
b1000110100000000100110001000000000000000000000000000000000 ;
b10100010 a
b1 U
b11000100 T
b11000001 _
b1100010 `
b10001101 W
b110001000 *
1%
#27740000
0%
#27750000
b1100000 a
b1000111000000000100110001000000000000000000000000000000000 ;
b10100100 R
1C
b10100101 P
b10001110 W
b10 U
b1 S
b11100 N
b11000001 M
b110001001 *
1%
#27760000
0%
#27770000
b1000111100000000100110000000000000000000000000000000000000 ;
b1100100 a
b1 U
b11000101 T
b10000011 _
b1100000 `
b10001111 W
b110001010 *
1%
#27780000
0%
#27790000
b1111010 a
b1001000000000000100110000000000000000000000000000000000000 ;
1C
b10111010 R
b10111011 P
b10010000 W
b10 U
b11 S
b111000 N
b10000011 M
b110001011 *
1%
#27800000
0%
#27810000
b1001000100000000100111101000000000000000000000000000000000 ;
b1001110 a
b1 U
b11000110 T
b111 _
b1111010 `
b10010001 W
b110001100 *
1%
#27820000
0%
#27830000
b11110110 a
b1001001000000000100111101000000000000000000000000000000000 ;
1C
b10 R
b11 P
b10010010 W
b10 U
b111 S
b1110000 N
b111 M
b110001101 *
1%
#27840000
0%
#27850000
b1001001100000000101111011000000000000000000000000000000000 ;
b11101111 a
b1 U
b11000111 T
b1110 _
b11110110 `
b10010011 W
b110001110 *
1%
#27860000
0%
#27870000
b11 a
b1001010000000000101111011000000000000000000000000000000000 ;
0C
b11101110 R
b11101110 P
b10010100 W
b10 U
b1110 S
b11100000 N
b1110 M
b110001111 *
1%
#27880000
0%
#27890000
b1001010100000000100000001100000000000000000000000000000000 ;
b11101000 a
b1 U
b11001000 T
b11101 _
b11 `
b10010101 W
b110010000 *
1%
#27900000
0%
#27910000
b11010110 a
b1001011000000000100000001100000000000000000000000000000000 ;
b11010000 R
1C
b11010001 P
b10010110 W
b10 U
b1101 S
b11010001 N
b11101 M
b110010001 *
1%
#27920000
0%
#27930000
b1001011100000000101101011000000000000000000000000000000000 ;
b1111101 a
b1 U
b11001001 T
b111010 _
b11010110 `
b10010111 W
b110010010 *
1%
#27940000
0%
#27950000
b10110001 a
b1001100000000000101101011000000000000000000000000000000000 ;
1C
b11100 R
b11101 P
b10011000 W
b10 U
b1010 S
b10100011 N
b111010 M
b110010011 *
1%
#27960000
0%
#27970000
b1001100100000000101011000100000000000000000000000000000000 ;
b1111111 a
b1 U
b11001010 T
b1110101 _
b10110001 `
b10011001 W
b110010100 *
1%
#27980000
0%
#27990000
b11101001 a
b1001101000000000101011000100000000000000000000000000000000 ;
0C
b10001010 R
b10001010 P
b10011010 W
b10 U
b101 S
b1010111 N
b1110101 M
b110010101 *
1%
#28000000
0%
#28010000
b1001101100000000101110100100000000000000000000000000000000 ;
b1011001 a
b1 U
b11001011 T
b11101010 _
b11101001 `
b10011011 W
b110010110 *
1%
#28020000
0%
#28030000
b10100111 a
b1001110000000000101110100100000000000000000000000000000000 ;
b1110100 R
1C
b1110101 P
b10011100 W
b10 U
b1010 S
b10101110 N
b11101010 M
b110010111 *
1%
#28040000
0%
#28050000
b1001110100000000101010011100000000000000000000000000000000 ;
b111011 a
b1 U
b11001100 T
b11010101 _
b10100111 `
b10011101 W
b110011000 *
1%
#28060000
0%
#28070000
b1100101 a
b1001111000000000101010011100000000000000000000000000000000 ;
0C
b101010 R
b101010 P
b10011110 W
b10 U
b101 S
b1011101 N
b11010101 M
b110011001 *
1%
#28080000
0%
#28090000
b1001111100000000100110010100000000000000000000000000000000 ;
b11100000 a
b1 U
b11001101 T
b10101010 _
b1100101 `
b10011111 W
b110011010 *
1%
#28100000
0%
#28110000
b10011110 a
b1010000000000000100110010100000000000000000000000000000000 ;
b1010100 R
1C
b1010101 P
b10100000 W
b10 U
b1010 S
b10101010 N
b10101010 M
b110011011 *
1%
#28120000
0%
#28130000
b1010000100000000101001111000000000000000000000000000000000 ;
b1101001 a
b1 U
b11001110 T
b1010101 _
b10011110 `
b10100001 W
b110011100 *
1%
#28140000
0%
#28150000
b10010111 a
b1010001000000000101001111000000000000000000000000000000000 ;
0C
b10101010 R
b10101010 P
b10100010 W
b10 U
b101 S
b1010101 N
b1010101 M
b110011101 *
1%
#28160000
0%
#28170000
b1010001100000000101001011100000000000000000000000000000000 ;
b10000101 a
b1 U
b11001111 T
b10101011 _
b10010111 `
b10100011 W
b110011110 *
1%
#28180000
0%
#28190000
b101111 a
b1010010000000000101001011100000000000000000000000000000000 ;
b0 R
1C
b1 P
b10100100 W
b10 U
b1011 S
b10111010 N
b10101011 M
b110011111 *
1%
#28200000
0%
#28210000
b1010010100000000100010111100000000000000000000000000000000 ;
b1011110 a
b1 U
b11010000 T
b1010111 _
b101111 `
b10100101 W
b110100000 *
1%
#28220000
0%
#28230000
b1110100 a
b1010011000000000100010111100000000000000000000000000000000 ;
b101010 R
1C
b101011 P
b10100110 W
b10 U
b111 S
b1110101 N
b1010111 M
b110100001 *
1%
#28240000
0%
#28250000
b1010011100000000100111010000000000000000000000000000000000 ;
b11000010 a
b1 U
b11010001 T
b10101111 _
b1110100 `
b10100111 W
b110100010 *
1%
#28260000
0%
#28270000
b1011100 a
b1010100000000000100111010000000000000000000000000000000000 ;
1C
b10110100 R
b10110101 P
b10101000 W
b10 U
b1111 S
b11111010 N
b10101111 M
b110100011 *
1%
#28280000
0%
#28290000
b1010100100000000100101110000000000000000000000000000000000 ;
b1100 a
b1 U
b11010010 T
b1011111 _
b1011100 `
b10101001 W
b110100100 *
1%
#28300000
0%
#28310000
b11010010 a
b1010101000000000100101110000000000000000000000000000000000 ;
0C
b1101010 R
b1101010 P
b10101010 W
b10 U
b11110101 N
b1011111 M
b110100101 *
1%
#28320000
0%
#28330000
b1010101100000000101101001000000000000000000000000000000000 ;
b11001111 a
b1 U
b11010011 T
b10111110 _
b11010010 `
b10101011 W
b110100110 *
1%
#28340000
0%
#28350000
b1101 a
b1010110000000000101101001000000000000000000000000000000000 ;
b10101000 R
1C
b10101001 P
b10101100 W
b10 U
b1110 S
b11101011 N
b10111110 M
b110100111 *
1%
#28360000
0%
#28370000
b1010110100000000100000110100000000000000000000000000000000 ;
b10110010 a
b1 U
b11010100 T
b1111100 _
b1101 `
b10101101 W
b110101000 *
1%
#28380000
0%
#28390000
b1100110 a
b1010111000000000100000110100000000000000000000000000000000 ;
0C
b1111100 R
b1111100 P
b10101110 W
b10 U
b1100 S
b11000111 N
b1111100 M
b110101001 *
1%
#28400000
0%
#28410000
b1010111100000000100110011000000000000000000000000000000000 ;
b10110000 a
b1 U
b11010101 T
b11111001 _
b1100110 `
b10101111 W
b110101010 *
1%
#28420000
0%
#28430000
b111110 a
b1011000000000000100110011000000000000000000000000000000000 ;
b11110010 R
1C
b11110011 P
b10110000 W
b10 U
b1001 S
b10011111 N
b11111001 M
b110101011 *
1%
#28440000
0%
#28450000
b1011000100000000100011111000000000000000000000000000000000 ;
b10001110 a
b1 U
b11010110 T
b11110010 _
b111110 `
b10110001 W
b110101100 *
1%
#28460000
0%
#28470000
b1011110 a
b1011001000000000100011111000000000000000000000000000000000 ;
0C
b100010 R
b100010 P
b10110010 W
b10 U
b10 S
b101111 N
b11110010 M
b110101101 *
1%
#28480000
0%
#28490000
b1011001100000000100101111000000000000000000000000000000000 ;
b10011110 a
b1 U
b11010111 T
b11100101 _
b1011110 `
b10110011 W
b110101110 *
1%
#28500000
0%
#28510000
b10100110 a
b1011010000000000100101111000000000000000000000000000000000 ;
b11010 R
0C
b11010 P
b10110100 W
b10 U
b101 S
b1011110 N
b11100101 M
b110101111 *
1%
#28520000
0%
#28530000
b1011010100000000101010011000000000000000000000000000000000 ;
b1010111 a
b1 U
b11011000 T
b11001010 _
b10100110 `
b10110101 W
b110110000 *
1%
#28540000
0%
#28550000
b101001 a
b1011011000000000101010011000000000000000000000000000000000 ;
b1100100 R
1C
b1100101 P
b10110110 W
b10 U
b1010 S
b10101100 N
b11001010 M
b110110001 *
1%
#28560000
0%
#28570000
b1011011100000000100010100100000000000000000000000000000000 ;
b110110 a
b1 U
b11011001 T
b10010100 _
b101001 `
b10110111 W
b110110010 *
1%
#28580000
0%
#28590000
b10001110 a
b1011100000000000100010100100000000000000000000000000000000 ;
1C
b11011100 R
b11011101 P
b10111000 W
b10 U
b100 S
b1001001 N
b10010100 M
b110110011 *
1%
#28600000
0%
#28610000
b1011100100000000101000111000000000000000000000000000000000 ;
b11000001 a
b1 U
b11011010 T
b101000 _
b10001110 `
b10111001 W
b110110100 *
1%
#28620000
0%
#28630000
b1001 a
b1011101000000000101000111000000000000000000000000000000000 ;
0C
b10100 R
b10100 P
b10111010 W
b10 U
b1000 S
b10000010 N
b101000 M
b110110101 *
1%
#28640000
0%
#28650000
b1011101100000000100000100100000000000000000000000000000000 ;
b110 a
b1 U
b11011011 T
b1010000 _
b1001 `
b10111011 W
b110110110 *
1%
#28660000
0%
#28670000
b1000110 a
b1011110000000000100000100100000000000000000000000000000000 ;
b1010100 R
1C
b1010101 P
b10111100 W
b10 U
b0 S
b101 N
b1010000 M
b110110111 *
1%
#28680000
0%
#28690000
b1011110100000000100100011000000000000000000000000000000000 ;
b11011000 a
b1 U
b11011100 T
b10100001 _
b1000110 `
b10111101 W
b110111000 *
1%
#28700000
0%
#28710000
b1010 a
b1011111000000000100100011000000000000000000000000000000000 ;
1C
b10000110 R
b10000111 P
b10111110 W
b10 U
b1 S
b11010 N
b10100001 M
b110111001 *
1%
#28720000
0%
#28730000
b1011111100000000100000101000000000000000000000000000000000 ;
b10010010 a
b1 U
b11011101 T
b1000010 _
b1010 `
b10111111 W
b110111010 *
1%
#28740000
0%
#28750000
b10100 a
b1100000000000000100000101000000000000000000000000000000000 ;
0C
b0 R
b0 P
b11000000 W
b10 U
b10 S
b100100 N
b1000010 M
b110111011 *
1%
#28760000
0%
#28770000
b1100000100000000100001010000000000000000000000000000000000 ;
b101000 a
b1 U
b11011110 T
b10000100 _
b10100 `
b11000001 W
b110111100 *
1%
#28780000
0%
#28790000
b11100100 a
b1100001000000000100001010000000000000000000000000000000000 ;
b11001100 R
0C
b11001100 P
b11000010 W
b10 U
b100 S
b1001000 N
b10000100 M
b110111101 *
1%
#28800000
0%
#28810000
b1100001100000000101110010000000000000000000000000000000000 ;
b101 a
b1 U
b11011111 T
b1001 _
b11100100 `
b11000011 W
b110111110 *
1%
#28820000
0%
#28830000
b11011011 a
b1100010000000000101110010000000000000000000000000000000000 ;
b10010 R
0C
b10010 P
b11000100 W
b10 U
b1001 S
b10010000 N
b1001 M
b110111111 *
1%
#28840000
0%
#28850000
b1100010100000000101101101100000000000000000000000000000000 ;
b10100101 a
b1 U
b11100000 T
b10011 _
b11011011 `
b11000101 W
b111000000 *
1%
#28860000
0%
#28870000
b10000101 a
b1100011000000000101101101100000000000000000000000000000000 ;
b110010 R
1C
b110011 P
b11000110 W
b10 U
b11 S
b110001 N
b10011 M
b111000001 *
1%
#28880000
0%
#28890000
b1100011100000000101000010100000000000000000000000000000000 ;
b111001 a
b1 U
b11100001 T
b100111 _
b10000101 `
b11000111 W
b111000010 *
1%
#28900000
0%
#28910000
b11001 a
b1100100000000000101000010100000000000000000000000000000000 ;
1C
b10010 R
b10011 P
b11001000 W
b10 U
b111 S
b1110010 N
b100111 M
b111000011 *
1%
#28920000
0%
#28930000
b1100100100000000100001100100000000000000000000000000000000 ;
b100000 a
b1 U
b11100010 T
b1001111 _
b11001 `
b11001001 W
b111000100 *
1%
#28940000
0%
#28950000
b1101000 a
b1100101000000000100001100100000000000000000000000000000000 ;
1C
b1011010 R
b1011011 P
b11001010 W
b10 U
b1111 S
b11110100 N
b1001111 M
b111000101 *
1%
#28960000
0%
#28970000
b1100101100000000100110100000000000000000000000000000000000 ;
b10001010 a
b1 U
b11100011 T
b10011111 _
b1101000 `
b11001011 W
b111000110 *
1%
#28980000
0%
#28990000
b1110110 a
b1100110000000000100110100000000000000000000000000000000000 ;
0C
b10100110 R
b10100110 P
b11001100 W
b10 U
b11111001 N
b10011111 M
b111000111 *
1%
#29000000
0%
#29010000
b1100110100000000100111011000000000000000000000000000000000 ;
b1001010 a
b1 U
b11100100 T
b111111 _
b1110110 `
b11001101 W
b111001000 *
1%
#29020000
0%
#29030000
b10100000 a
b1100111000000000100111011000000000000000000000000000000000 ;
b1001100 R
0C
b1001100 P
b11001110 W
b10 U
b11110011 N
b111111 M
b111001001 *
1%
#29040000
0%
#29050000
b1100111100000000101010000000000000000000000000000000000000 ;
b1101 a
b1 U
b11100101 T
b1111111 _
b10100000 `
b11001111 W
b111001010 *
1%
#29060000
0%
#29070000
b11001001 a
b1101000000000000101010000000000000000000000000000000000000 ;
b10001000 R
0C
b10001000 P
b11010000 W
b10 U
b11110111 N
b1111111 M
b111001011 *
1%
#29080000
0%
#29090000
b1101000100000000101100100100000000000000000000000000000000 ;
b11011 a
b1 U
b11100110 T
b11111111 _
b11001001 `
b11010001 W
b111001100 *
1%
#29100000
0%
#29110000
b10010011 a
b1101001000000000101100100100000000000000000000000000000000 ;
b0 R
0C
b0 P
b11010010 W
b10 U
b11111111 N
b11111111 M
b111001101 *
1%
#29120000
0%
#29130000
b1101001100000000101001001100000000000000000000000000000000 ;
b100111 a
b1 U
b11100111 T
b11111110 _
b10010011 `
b11010011 W
b111001110 *
1%
#29140000
0%
#29150000
b11001011 a
b1101010000000000101001001100000000000000000000000000000000 ;
b11101100 R
1C
b11101101 P
b11010100 W
b10 U
b1110 S
b11101111 N
b11111110 M
b111001111 *
1%
#29160000
0%
#29170000
b1101010100000000101100101100000000000000000000000000000000 ;
b1111011 a
b1 U
b11101000 T
b11111100 _
b11001011 `
b11010101 W
b111010000 *
1%
#29180000
0%
#29190000
b1011001 a
b1101011000000000101100101100000000000000000000000000000000 ;
1C
b11001110 R
b11001111 P
b11010110 W
b10 U
b1100 S
b11001111 N
b11111100 M
b111010001 *
1%
#29200000
0%
#29210000
b1101011100000000100101100100000000000000000000000000000000 ;
b1111100 a
b1 U
b11101001 T
b11111000 _
b1011001 `
b11010111 W
b111010010 *
1%
#29220000
0%
#29230000
b1001110 a
b1101100000000000100101100100000000000000000000000000000000 ;
0C
b11111100 R
b11111100 P
b11011000 W
b10 U
b1000 S
b10001111 N
b11111000 M
b111010011 *
1%
#29240000
0%
#29250000
b1101100100000000100100111000000000000000000000000000000000 ;
b1100000 a
b1 U
b11101010 T
b11110000 _
b1001110 `
b11011001 W
b111010100 *
1%
#29260000
0%
#29270000
b1100010 a
b1101101000000000100100111000000000000000000000000000000000 ;
b11111110 R
1C
b11111111 P
b11011010 W
b10 U
b0 S
b1111 N
b11110000 M
b111010101 *
1%
#29280000
0%
#29290000
b1101101100000000100110001000000000000000000000000000000000 ;
b111010 a
b1 U
b11101011 T
b11100001 _
b1100010 `
b11011011 W
b111010110 *
1%
#29300000
0%
#29310000
b110 a
b1101110000000000100110001000000000000000000000000000000000 ;
1C
b11000010 R
b11000011 P
b11011100 W
b10 U
b1 S
b11110 N
b11100001 M
b111010111 *
1%
#29320000
0%
#29330000
b1101110100000000100000011000000000000000000000000000000000 ;
b11001110 a
b1 U
b11101100 T
b11000010 _
b110 `
b11011101 W
b111011000 *
1%
#29340000
0%
#29350000
b1100 a
b1101111000000000100000011000000000000000000000000000000000 ;
0C
b0 R
b0 P
b11011110 W
b10 U
b10 S
b101100 N
b11000010 M
b111011001 *
1%
#29360000
0%
#29370000
b1101111100000000100000110000000000000000000000000000000000 ;
b11000 a
b1 U
b11101101 T
b10000101 _
b1100 `
b11011111 W
b111011010 *
1%
#29380000
0%
#29390000
b1100010 a
b1110000000000000100000110000000000000000000000000000000000 ;
b1111010 R
0C
b1111010 P
b11100000 W
b10 U
b101 S
b1011000 N
b10000101 M
b111011011 *
1%
#29400000
0%
#29410000
b1110000100000000100110001000000000000000000000000000000000 ;
b10111110 a
b1 U
b11101110 T
b1011 _
b1100010 `
b11100001 W
b111011100 *
1%
#29420000
0%
#29430000
b11000100 a
b1110001000000000100110001000000000000000000000000000000000 ;
b0 R
0C
b0 P
b11100010 W
b10 U
b1011 S
b10110000 N
b1011 M
b111011101 *
1%
#29440000
0%
#29450000
b1110001100000000101100010000000000000000000000000000000000 ;
b10001001 a
b1 U
b11101111 T
b10111 _
b11000100 `
b11100011 W
b111011110 *
1%
#29460000
0%
#29470000
b10000011 a
b1110010000000000101100010000000000000000000000000000000000 ;
b1010 R
1C
b1011 P
b11100100 W
b10 U
b111 S
b1110001 N
b10111 M
b111011111 *
1%
#29480000
0%
#29490000
b1110010100000000101000001100000000000000000000000000000000 ;
b1101 a
b1 U
b11110000 T
b101111 _
b10000011 `
b11100101 W
b111100000 *
1%
#29500000
0%
#29510000
b111011 a
b1110011000000000101000001100000000000000000000000000000000 ;
1C
b111100 R
b111101 P
b11100110 W
b10 U
b1111 S
b11110010 N
b101111 M
b111100001 *
1%
#29520000
0%
#29530000
b1110011100000000100011101100000000000000000000000000000000 ;
b1001010 a
b1 U
b11110001 T
b1011110 _
b111011 `
b11100111 W
b111100010 *
1%
#29540000
0%
#29550000
b110100 a
b1110100000000000100011101100000000000000000000000000000000 ;
1C
b1000010 R
b1000011 P
b11101000 W
b10 U
b1110 S
b11100101 N
b1011110 M
b111100011 *
1%
#29560000
0%
#29570000
b1110100100000000100011010000000000000000000000000000000000 ;
b101010 a
b1 U
b11110010 T
b10111100 _
b110100 `
b11101001 W
b111100100 *
1%
#29580000
0%
#29590000
b11010100 a
b1110101000000000100011010000000000000000000000000000000000 ;
0C
b10111100 R
b10111100 P
b11101010 W
b10 U
b1100 S
b11001011 N
b10111100 M
b111100101 *
1%
#29600000
0%
#29610000
b1110101100000000101101010000000000000000000000000000000000 ;
b10101 a
b1 U
b11110011 T
b1111000 _
b11010100 `
b11101011 W
b111100110 *
1%
#29620000
0%
#29630000
b10010101 a
b1110110000000000101101010000000000000000000000000000000000 ;
b111100 R
0C
b111100 P
b11101100 W
b10 U
b1000 S
b10000111 N
b1111000 M
b111100111 *
1%
#29640000
0%
#29650000
b1110110100000000101001010100000000000000000000000000000000 ;
b10111 a
b1 U
b11110100 T
b11110001 _
b10010101 `
b11101101 W
b111101000 *
1%
#29660000
0%
#29670000
b11111001 a
b1110111000000000101001010100000000000000000000000000000000 ;
b11010010 R
0C
b11010010 P
b11101110 W
b10 U
b1 S
b11111 N
b11110001 M
b111101001 *
1%
#29680000
0%
#29690000
b1110111100000000101111100100000000000000000000000000000000 ;
b100001 a
b1 U
b11110101 T
b11100011 _
b11111001 `
b11101111 W
b111101010 *
1%
#29700000
0%
#29710000
b1101 a
b1111000000000000101111100100000000000000000000000000000000 ;
b11111110 R
1C
b11111111 P
b11110000 W
b10 U
b11 S
b111110 N
b11100011 M
b111101011 *
1%
#29720000
0%
#29730000
b1111000100000000100000110100000000000000000000000000000000 ;
b11100100 a
b1 U
b11110110 T
b11000110 _
b1101 `
b11110001 W
b111101100 *
1%
#29740000
0%
#29750000
b10010110 a
b1111001000000000100000110100000000000000000000000000000000 ;
0C
b10001100 R
b10001100 P
b11110010 W
b10 U
b110 S
b1101100 N
b11000110 M
b111101101 *
1%
#29760000
0%
#29770000
b1111001100000000101001011000000000000000000000000000000000 ;
b10100001 a
b1 U
b11110111 T
b10001101 _
b10010110 `
b11110011 W
b111101110 *
1%
#29780000
0%
#29790000
b11110101 a
b1111010000000000101001011000000000000000000000000000000000 ;
b11011000 R
0C
b11011000 P
b11110100 W
b10 U
b1101 S
b11011000 N
b10001101 M
b111101111 *
1%
#29800000
0%
#29810000
b1111010100000000101111010100000000000000000000000000000000 ;
b110011 a
b1 U
b11111000 T
b11010 _
b11110101 `
b11110101 W
b111110000 *
1%
#29820000
0%
#29830000
b11100111 a
b1111011000000000101111010100000000000000000000000000000000 ;
b1100 R
1C
b1101 P
b11110110 W
b10 U
b1010 S
b10100001 N
b11010 M
b111110001 *
1%
#29840000
0%
#29850000
b1111011100000000101110011100000000000000000000000000000000 ;
b11000011 a
b1 U
b11111001 T
b110100 _
b11100111 `
b11110111 W
b111110010 *
1%
#29860000
0%
#29870000
b10111001 a
b1111100000000000101110011100000000000000000000000000000000 ;
1C
b1110110 R
b1110111 P
b11111000 W
b10 U
b100 S
b1000011 N
b110100 M
b111110011 *
1%
#29880000
0%
#29890000
b1111100100000000101011100100000000000000000000000000000000 ;
b101 a
b1 U
b11111010 T
b1101000 _
b10111001 `
b11111001 W
b111110100 *
1%
#29900000
0%
#29910000
b1000111 a
b1111101000000000101011100100000000000000000000000000000000 ;
0C
b110100 R
b110100 P
b11111010 W
b10 U
b1000 S
b10000110 N
b1101000 M
b111110101 *
1%
#29920000
0%
#29930000
b1111101100000000100100011100000000000000000000000000000000 ;
b10111010 a
b1 U
b11111011 T
b11010000 _
b1000111 `
b11111011 W
b111110110 *
1%
#29940000
0%
#29950000
b1010010 a
b1111110000000000100100011100000000000000000000000000000000 ;
b11011100 R
1C
b11011101 P
b11111100 W
b10 U
b0 S
b1101 N
b11010000 M
b111110111 *
1%
#29960000
0%
#29970000
b1111110100000000100101001000000000000000000000000000000000 ;
b1111000 a
b1 U
b11111100 T
b10100000 _
b1010010 `
b11111101 W
b111111000 *
1%
#29980000
0%
#29990000
b1110 a
b1111111000000000100101001000000000000000000000000000000000 ;
0C
b10101010 R
b10101010 P
b11111110 W
b10 U
b1010 N
b10100000 M
b111111001 *
1%
#30000000
0%
#30010000
b1111111100000000100000111000000000000000000000000000000000 ;
b10110110 a
b1 U
b11111101 T
b1000000 _
b1110 `
b11111111 W
b111111010 *
1%
#30020000
0%
#30030000
b1011000 a
b100000111000000000000000000000000000000000 ;
b1000100 R
0C
b1000100 P
b0 W
b10 U
b100 N
b1000000 M
b111111011 *
1%
#30040000
0%
#30050000
b100000000100101100000000000000000000000000000000000 ;
b11110100 a
b1 U
b11111110 T
b10000000 _
b1011000 `
b1 W
b111111100 *
1%
#30060000
0%
#30070000
b111000 a
b1000000000100101100000000000000000000000000000000000 ;
b10001000 R
0C
b10001000 P
b10 W
b10 U
b1000 N
b10000000 M
b111111101 *
1%
#30080000
0%
#30090000
b1100000000100011100000000000000000000000000000000000 ;
b11111000 a
b1 U
b11111111 T
b1 _
b111000 `
b11 W
b111111110 *
1%
#30100000
0%
#30110000
b10000000 a
b10000000000100011100000000000000000000000000000000000 ;
b11110000 R
1C
b11110001 P
b100 W
b10 U
b1 S
b10000 N
b1 M
b111111111 *
1%
#30120000
0%
#30130000
b10100000000101000000000000000000000000000000000000000 ;
b11110001 a
b11 U
b10 _
b10000000 `
b101 W
b1000000000 *
1%
#30140000
0%
#30150000
b11000000001011000000000000000000000000000000000000000 ;
b1 $
b1 2
b1 j
b110 W
b0 U
b1 ]
0k
1O
b1000000001 *
1%
#30160000
0%
#30170000
b11100000001011000000000000000000000000000000000000000 ;
b1 $
b1 2
b1 j
b111 W
b1000000010 *
1%
#30180000
0%
#30190000
b100000000001011000000000000000000000000000000000000000 ;
b1 $
b1 2
b1 j
b1000 W
1%
#30191000
b11011 +
